{
  "type": "FeatureCollection",
  "metadata": {
    "source": "OpenStreetMap via Overpass API",
    "source_url": "https://overpass-api.de/api/interpreter",
    "license": "ODbL-1.0",
    "license_url": "https://www.openstreetmap.org/copyright",
    "attribution": "© OpenStreetMap contributors",
    "fetched_at": "2026-10-03T11:47:45.245446+00:00",
    "osm_base_timestamp": "2026-10-03T11:46:02Z",
    "feature_count": 116,
    "category_counts": {
      "cave_entrance": 1,
      "historic": 27,
      "museum": 41,
      "place_of_worship": 45,
      "theatre": 2
    },
    "completeness": "Selected central Krakow attractions, not an exhaustive inventory. Every representative point is within 1500 m of Rynek Glowny. Tag rules and editorial exceptions do not verify opening hours or accessibility. Non-point objects use bounding-box centers, not verified entrances.",
    "source_query": "[out:json][timeout:180];\narea(3600449696)->.city;\n(\n  nwr(area.city)[\"tourism\"~\"^(attraction|museum|gallery|viewpoint|zoo|theme_park|aquarium|artwork)$\"];\n  nwr(area.city)[\"historic\"][\"historic\"!=\"no\"];\n  nwr(area.city)[\"amenity\"~\"^(place_of_worship|theatre|arts_centre|planetarium)$\"];\n  nwr(area.city)[\"leisure\"~\"^(park|nature_reserve)$\"];\n  nwr(area.city)[\"leisure\"=\"garden\"][\"name\"];\n  nwr(area.city)[\"leisure\"=\"garden\"][\"garden:type\"~\"^(botanical|arboretum)$\"];\n  nwr(area.city)[\"natural\"=\"cave_entrance\"];\n);\nout center tags;",
    "source_boundary": "Kraków, administrative boundary, OSM relation 449696",
    "source_boundary_url": "https://www.openstreetmap.org/relation/449696",
    "selection_version": "central-attractions-v1",
    "filtered_at": "2026-10-03T18:34:17.503577+00:00",
    "center": {
      "name": "Rynek Główny",
      "latitude": 50.0617,
      "longitude": 19.9373
    },
    "max_radius_m": 1500,
    "max_selected_distance_m": 1497.3440469858517,
    "rejected_counts": {
      "not_selected": 909,
      "outside_radius": 2064,
      "duplicate_place": 1
    }
  },
  "features": [
    {
      "type": "Feature",
      "id": "node-10573734931",
      "properties": {
        "name": "Muzeum Dominikanów",
        "category": "museum",
        "osm_url": "https://www.openstreetmap.org/node/10573734931",
        "coordinate_source": "node",
        "tags": {
          "addr:city": "Kraków",
          "addr:country": "PL",
          "addr:housenumber": "12",
          "addr:postcode": "31-043",
          "addr:street": "Stolarska",
          "email": "kontakt@muzeumdominikanow.pl",
          "fee": "no",
          "mobile": "+48 694 480 689",
          "museum": "art",
          "name": "Muzeum Dominikanów",
          "opening_hours": "Th 10:00-16:00; Fr 10:00-18:00; Sa 10:00-16:00",
          "operator": "Klasztor Ojców Dominikanów",
          "operator:type": "religious",
          "reservation": "required",
          "start_date": "2022",
          "subject": "arts;history",
          "tourism": "museum",
          "website": "https://muzeumdominikanow.pl/",
          "wheelchair": "no"
        }
      },
      "geometry": {
        "type": "Point",
        "coordinates": [
          19.939917,
          50.0601301
        ]
      }
    },
    {
      "type": "Feature",
      "id": "node-12520473032",
      "properties": {
        "name": "Brama Rzeźnicza w Krakowie",
        "category": "historic",
        "osm_url": "https://www.openstreetmap.org/node/12520473032",
        "coordinate_source": "node",
        "tags": {
          "historic": "city_gate",
          "name": "Brama Rzeźnicza w Krakowie",
          "ruins": "yes",
          "wikidata": "Q9178822",
          "wikipedia": "pl:Brama Rzeźnicza w Krakowie"
        }
      },
      "geometry": {
        "type": "Point",
        "coordinates": [
          19.9432754,
          50.0609068
        ]
      }
    },
    {
      "type": "Feature",
      "id": "node-12642845285",
      "properties": {
        "name": "Muzeum Geologiczne ING PAN",
        "category": "museum",
        "osm_url": "https://www.openstreetmap.org/node/12642845285",
        "coordinate_source": "node",
        "tags": {
          "fee": "yes",
          "name": "Muzeum Geologiczne PAN",
          "name:de": "Geologisches Museum",
          "name:en": "Geological Museum",
          "name:hu": "Lengyel Tudományos Akadémia Földtani Múzeuma",
          "name:pl": "Muzeum Geologiczne ING PAN",
          "opening_hours": "Th-Fr 10:00-15:00; Sa 10:00-14:00",
          "tourism": "museum",
          "website": "https://www.ing.pan.pl/muzeum/muzeum-geologiczne-ing-pan",
          "wikidata": "Q6944411",
          "wikipedia": "pl:Muzeum Geologiczne Instytutu Nauk Geologicznych PAN w Krakowie"
        }
      },
      "geometry": {
        "type": "Point",
        "coordinates": [
          19.9366798,
          50.0575584
        ]
      }
    },
    {
      "type": "Feature",
      "id": "node-1332080339",
      "properties": {
        "name": "Rynek Podziemny",
        "category": "museum",
        "osm_url": "https://www.openstreetmap.org/node/1332080339",
        "coordinate_source": "node",
        "tags": {
          "addr:city": "Kraków",
          "addr:country": "PL",
          "addr:housenumber": "1",
          "addr:postcode": "31-042",
          "addr:street": "Rynek Główny",
          "fee": "yes",
          "museum": "history",
          "name": "Rynek Podziemny",
          "name:en": "Rynek Underground",
          "name:hu": "Föld alatti Piac tér",
          "name:pl": "Rynek Podziemny",
          "name:ru": "Подземелье рынка",
          "opening_hours": "Mo-Su 10:00-20:00; Tu 10:00-16:00; Nov-Mar: Mo,We,Th 10:00-19:00; Nov-Mar: Tu 10:00-14:00; Nov-Mar: Fr-Su 10:00-20:00",
          "operator": "Muzeum Krakowa",
          "operator:type": "public",
          "ref:ckkp": "MA00458",
          "tourism": "museum",
          "website": "https://muzeumkrakowa.pl/oddzialy/rynek-podziemny",
          "wheelchair": "limited",
          "wikidata": "Q5420576",
          "wikipedia": "pl:Podziemia Rynku w Krakowie"
        }
      },
      "geometry": {
        "type": "Point",
        "coordinates": [
          19.9377768,
          50.062005
        ]
      }
    },
    {
      "type": "Feature",
      "id": "node-1516840253",
      "properties": {
        "name": "Pałac Biskupa Erazma Ciołka",
        "category": "museum",
        "osm_url": "https://www.openstreetmap.org/node/1516840253",
        "coordinate_source": "node",
        "tags": {
          "addr:city": "Kraków",
          "description": "Oddział Muzeum Narodowego",
          "description:de": "Filiale des Nationalmuseums",
          "fee": "yes",
          "fee:conditional": "no @ Mo",
          "name": "Pałac Biskupa Erazma Ciołka",
          "name:hu": "Erazm Ciołek (1492–1546) püspök palotája",
          "opening_hours": "Tu 10:00-18:00, We-Su 10:00-16:00",
          "tourism": "museum",
          "website": "https://mnk.pl/oddzial/mnk-ciolek",
          "wheelchair": "yes",
          "wheelchair:description": "niemal nieograniczony, część jednej sali w galerii sztuki cerkiewnej ma stopień bez podjazdu"
        }
      },
      "geometry": {
        "type": "Point",
        "coordinates": [
          19.9372228,
          50.0563019
        ]
      }
    },
    {
      "type": "Feature",
      "id": "node-1517262415",
      "properties": {
        "name": "Józef Dietl",
        "category": "historic",
        "osm_url": "https://www.openstreetmap.org/node/1517262415",
        "coordinate_source": "node",
        "tags": {
          "artist_name": "Xawery Dunikowski",
          "description:hu": "Josef Dietl (1804–78) osztrák orvos, patológus, balneológus, egyetemi oktató és politikus, a krakkói egyetem rektora, később a város polgármestere",
          "height": "15",
          "historic": "memorial",
          "memorial": "statue",
          "name": "Józef Dietl",
          "name:de": "Josef-Dietl-Denkmal",
          "name:hu": "Józef Dietl",
          "name:pl": "Józef Dietl",
          "opening_hours": "24/7",
          "start_date": "1938-10-08",
          "subject:wikidata": "Q746534",
          "subject:wikipedia": "pl:Józef Dietl",
          "tourism": "attraction",
          "wheelchair": "yes",
          "wikidata": "Q11823273",
          "wikipedia": "pl:Pomnik Józefa Dietla w Krakowie"
        }
      },
      "geometry": {
        "type": "Point",
        "coordinates": [
          19.936759,
          50.059086
        ]
      }
    },
    {
      "type": "Feature",
      "id": "node-1918990221",
      "properties": {
        "name": "Stanisław Wyspiański",
        "category": "historic",
        "osm_url": "https://www.openstreetmap.org/node/1918990221",
        "coordinate_source": "node",
        "tags": {
          "artist:wikidata": "Q6370836",
          "artist:wikipedia": "pl:Marian Konieczny",
          "artist_name": "Marian Konieczny",
          "historic": "memorial",
          "inscription": "artysta malarz poeta dramaturg",
          "memorial": "statue",
          "name": "Stanisław Wyspiański",
          "start_date": "1982",
          "subject:wikidata": "Q312627",
          "subject:wikipedia": "pl:Stanisław Wyspiański",
          "wikidata": "Q11823456",
          "wikimedia_commons": "Category:Stanisław Wyspiański Monument in Kraków",
          "wikipedia": "pl:Pomnik Stanisława Wyspiańskiego w Krakowie"
        }
      },
      "geometry": {
        "type": "Point",
        "coordinates": [
          19.923217,
          50.0597165
        ]
      }
    },
    {
      "type": "Feature",
      "id": "node-2290487937",
      "properties": {
        "name": "Ignacy Jan Paderewski",
        "category": "historic",
        "osm_url": "https://www.openstreetmap.org/node/2290487937",
        "coordinate_source": "node",
        "tags": {
          "artist:wikidata": "Q5202115",
          "artist_name": "Czesław Dźwigaj",
          "historic": "memorial",
          "image": "https://commons.wikimedia.org/wiki/File:Paderewski_monument_,Strzelecki_Park,Krakow_Poland.jpg",
          "memorial": "statue",
          "name": "Ignacy Jan Paderewski",
          "panoramax": "599e5958-e797-478b-971f-272a9a52d8fa",
          "start_date": "2010",
          "subject:wikidata": "Q191957",
          "subject:wikipedia": "pl:Ignacy Jan Paderewski",
          "wikidata": "Q11823225",
          "wikipedia": "pl:Pomnik Ignacego Jana Paderewskiego w Krakowie (park Strzelecki)"
        }
      },
      "geometry": {
        "type": "Point",
        "coordinates": [
          19.9502051,
          50.0662913
        ]
      }
    },
    {
      "type": "Feature",
      "id": "node-2319751946",
      "properties": {
        "name": "Muzeum Ogrodu Botanicznego UJ",
        "category": "museum",
        "osm_url": "https://www.openstreetmap.org/node/2319751946",
        "coordinate_source": "node",
        "tags": {
          "entrance": "yes",
          "name": "Muzeum Ogrodu Botanicznego UJ",
          "name:hu": "Jagelló Egyetem Botanikus Kertjének Múzeuma",
          "name:pl": "Muzeum Ogrodu Botanicznego UJ",
          "official_name": "Muzeum Ogrodu Botanicznego i Pracownia Historii Botaniki im. J. Dyakowskiej",
          "opening_hours": "Th,Fr 10:00-14:00; Su 11:00-15:00; Oct 15-Apr 15 off",
          "start_date": "1994",
          "tourism": "museum",
          "website": "https://ogrod.uj.edu.pl/ogrod/ekspozycja-muzealna",
          "wikidata": "Q11787105",
          "wikipedia": "pl:Muzeum Ogrodu Botanicznego"
        }
      },
      "geometry": {
        "type": "Point",
        "coordinates": [
          19.9559687,
          50.0636006
        ]
      }
    },
    {
      "type": "Feature",
      "id": "node-2508026681",
      "properties": {
        "name": "Eros spętany",
        "category": "historic",
        "osm_url": "https://www.openstreetmap.org/node/2508026681",
        "coordinate_source": "node",
        "tags": {
          "alt_name:es": "La verdadera cara de Cracovia",
          "artist_name": "Igor Mitoraj",
          "artwork_type": "sculpture",
          "height": "2.25",
          "inscription": "IGOR MITORAJ|EROS BENDATO|BRĄZ 1999|DAR ARTYSTY DLA MIASTA KRAKOWA 2005",
          "inscription:url": "https://upload.wikimedia.org/wikipedia/commons/c/c9/Eros_Bendato_by_Igor_Mitoraj_%287822175836%29.jpg",
          "material": "bronze",
          "name": "Eros spętany",
          "name:en": "Eros bound",
          "name:es": "Eros Bendato",
          "name:pl": "Eros spętany",
          "start_date": "1999",
          "tourism": "artwork",
          "wikidata": "Q105993379",
          "wikipedia": "es:Eros Bendato"
        }
      },
      "geometry": {
        "type": "Point",
        "coordinates": [
          19.9361907,
          50.0615411
        ]
      }
    },
    {
      "type": "Feature",
      "id": "node-2508198948",
      "properties": {
        "name": "Piotr Skrzynecki",
        "category": "historic",
        "osm_url": "https://www.openstreetmap.org/node/2508198948",
        "coordinate_source": "node",
        "tags": {
          "historic": "memorial",
          "material": "metal",
          "memorial": "statue",
          "name": "Piotr Skrzynecki",
          "subject:wikidata": "Q2096328",
          "subject:wikipedia": "pl:Piotr Skrzynecki",
          "wikidata": "Q11823397",
          "wikimedia_commons": "File:SkrzyneckiVisavis.JPG",
          "wikipedia": "pl:Pomnik Piotra Skrzyneckiego w Krakowie (Rynek Główny)"
        }
      },
      "geometry": {
        "type": "Point",
        "coordinates": [
          19.9357975,
          50.0617718
        ]
      }
    },
    {
      "type": "Feature",
      "id": "node-2616212673",
      "properties": {
        "name": "Muzeum Stanisława Wyspiańskiego",
        "category": "museum",
        "osm_url": "https://www.openstreetmap.org/node/2616212673",
        "coordinate_source": "node",
        "tags": {
          "check_date": "2023-09-26",
          "fee": "yes",
          "fee:conditional": "no @ Tu",
          "name": "Muzeum Stanisława Wyspiańskiego",
          "old_name": "Europeum",
          "operator": "Muzeum Narodowe w Krakowie",
          "source:old_name": "https://mnk.pl/oddzial/osrodek-kultury-europejskiej-europeum",
          "tourism": "museum",
          "website": "https://mnk.pl/oddzial/mnk-wyspianski",
          "wikimedia_commons": "Category:Stanisław Wyspiański Museum in Kraków (Sikorskiego sq)"
        }
      },
      "geometry": {
        "type": "Point",
        "coordinates": [
          19.929144,
          50.0614346
        ]
      }
    },
    {
      "type": "Feature",
      "id": "node-273492033",
      "properties": {
        "name": "Mikołaj Kopernik",
        "category": "historic",
        "osm_url": "https://www.openstreetmap.org/node/273492033",
        "coordinate_source": "node",
        "tags": {
          "artist_name": "Cyprian Godebski",
          "historic": "memorial",
          "memorial": "statue",
          "name": "Mikołaj Kopernik",
          "name:de": "Nikolaus-Kopernikus-Denkmal",
          "name:en": "Statue of Nicolaus Copernicus",
          "name:pl": "Mikołaj Kopernik",
          "start_date": "1900",
          "subject:wikidata": "Q619",
          "wikidata": "Q7029919",
          "wikipedia": "pl:Pomnik Mikołaja Kopernika w Krakowie"
        }
      },
      "geometry": {
        "type": "Point",
        "coordinates": [
          19.9327559,
          50.0613222
        ]
      }
    },
    {
      "type": "Feature",
      "id": "node-273723498",
      "properties": {
        "name": "Piotr Skarga",
        "category": "historic",
        "osm_url": "https://www.openstreetmap.org/node/273723498",
        "coordinate_source": "node",
        "tags": {
          "historic": "memorial",
          "memorial": "statue",
          "name": "Piotr Skarga",
          "name:de": "Piotr-Skarga-Denkmal",
          "name:pl": "Piotr Skarga",
          "subject:wikidata": "Q712463",
          "subject:wikipedia": "pl:Piotr Skarga",
          "wheelchair": "yes",
          "wikidata": "Q11823396",
          "wikimedia_commons": "Category:Piotr Skarga Monument in Kraków",
          "wikipedia": "pl:Pomnik Piotra Skargi w Krakowie"
        }
      },
      "geometry": {
        "type": "Point",
        "coordinates": [
          19.9378211,
          50.0568103
        ]
      }
    },
    {
      "type": "Feature",
      "id": "node-274088760",
      "properties": {
        "name": "Pomnik Grunwaldzki",
        "category": "historic",
        "osm_url": "https://www.openstreetmap.org/node/274088760",
        "coordinate_source": "node",
        "tags": {
          "artist_name": "Antoni Wiwulski",
          "height": "24",
          "historic": "memorial",
          "inscription": "Praojcom na chwałę – braciom na otuchę",
          "memorial": "statue",
          "name": "Pomnik Grunwaldzki",
          "name:be": "Помнік Грунвальдскі",
          "name:de": "Grunwalddenkmal",
          "name:en": "Grunwald Monument",
          "name:fr": "Monument Grunwald",
          "name:hu": "Grünwaldi csata (1410) emlékműve",
          "start_date": "1910",
          "subject:wikidata": "Q33570",
          "wikidata": "Q11823211",
          "wikipedia": "pl:Pomnik Grunwaldzki w Krakowie"
        }
      },
      "geometry": {
        "type": "Point",
        "coordinates": [
          19.942144,
          50.0664155
        ]
      }
    },
    {
      "type": "Feature",
      "id": "node-278057695",
      "properties": {
        "name": "Smocza Jama",
        "category": "cave_entrance",
        "osm_url": "https://www.openstreetmap.org/node/278057695",
        "coordinate_source": "node",
        "tags": {
          "access": "customers",
          "barrier": "gate",
          "ele": "205.5",
          "name": "Smocza Jama",
          "name:en": "Dragon's Den",
          "name:hu": "Sárkánybarlang bejárata",
          "name:pl": "Smocza Jama",
          "natural": "cave_entrance",
          "ref:ckkp": "MA00882"
        }
      },
      "geometry": {
        "type": "Point",
        "coordinates": [
          19.9336431,
          50.0531432
        ]
      }
    },
    {
      "type": "Feature",
      "id": "node-278057698",
      "properties": {
        "name": "Smok Wawelski",
        "category": "historic",
        "osm_url": "https://www.openstreetmap.org/node/278057698",
        "coordinate_source": "node",
        "tags": {
          "artist:wikidata": "Q362880",
          "artist:wikipedia": "pl:Bronisław Chromy",
          "artist_name": "Bronisław Chromy",
          "artwork_type": "statue",
          "brand:wikidata": "Q126651178",
          "brand:wikipedia": "pl:Smoczy szlak w Krakowie",
          "height": "6",
          "image": "https://bronislawchromy.pl/wp-content/gallery/pomniki/001-kopia.jpg",
          "material": "bronze;limestone",
          "name": "Smok Wawelski",
          "name:be": "Вавельскі цмок",
          "name:de": "Wawel-Drachen",
          "name:en": "Wawel Dragon",
          "name:hu": "Wawel sárkánya",
          "name:ja": "ヴァヴェルの竜",
          "name:lt": "Vavelio drakonas",
          "name:pl": "Smok Wawelski",
          "name:ru": "Вавельский дракон",
          "network": "Smoczy szlak",
          "official_name": "WAWEL DRAGON",
          "start_date": "1972",
          "subject": "Smok wawelski",
          "subject:wikidata": "Q463190",
          "subject:wikipedia": "pl:Smok wawelski",
          "tourism": "artwork",
          "wikidata": "Q9338697",
          "wikipedia": "pl:Smok Wawelski (rzeźba)"
        }
      },
      "geometry": {
        "type": "Point",
        "coordinates": [
          19.9335881,
          50.0530165
        ]
      }
    },
    {
      "type": "Feature",
      "id": "node-278516635",
      "properties": {
        "name": "Pies Dżok",
        "category": "historic",
        "osm_url": "https://www.openstreetmap.org/node/278516635",
        "coordinate_source": "node",
        "tags": {
          "artist:wikidata": "Q362880",
          "artist:wikipedia": "pl:Bronisław Chromy",
          "artist_name": "Bronisław Chromy",
          "historic": "memorial",
          "inscription:pl": "PIES DŻOK|NAJWIERNIEJSZY Z WIERNYCH|SYMBOL PSIEJ WIERNOŚCI|PRZEZ ROK /1990–1991/ OCZEKIWAŁ|NA RONDZIE GRUNWALDZKIM NA SWOJEGO PANA,|KTÓRY W TYM MIEJSCU ZMARŁ.",
          "material": "bronze",
          "memorial": "statue",
          "name": "Pies Dżok",
          "start_date": "2001",
          "subject": "Dżok",
          "wheelchair": "yes",
          "wikidata": "Q2480782",
          "wikipedia": "pl:Pomnik psa Dżoka"
        }
      },
      "geometry": {
        "type": "Point",
        "coordinates": [
          19.9348964,
          50.0512801
        ]
      }
    },
    {
      "type": "Feature",
      "id": "node-311330840",
      "properties": {
        "name": "Pomnik Marszałka Józefa Piłsudskiego i Legionistów",
        "category": "historic",
        "osm_url": "https://www.openstreetmap.org/node/311330840",
        "coordinate_source": "node",
        "tags": {
          "artist:wikidata": "Q5202115",
          "artist:wikipedia": "pl:Czesław Dźwigaj",
          "artist_name": "Czesław Dźwigaj",
          "historic": "memorial",
          "memorial": "statue",
          "name": "Pomnik Marszałka Józefa Piłsudskiego i Legionistów",
          "name:be": "маршал Юзэф Пілсудскі",
          "name:hu": "Józef Piłsudski",
          "name:pl": "Pomnik Marszałka Józefa Piłsudskiego i Legionistów",
          "subject:wikidata": "Q885",
          "subject:wikipedia": "pl:Józef Piłsudski",
          "wikidata": "Q11823279",
          "wikimedia_commons": "Category:Józef Piłsudski Monument in Kraków",
          "wikipedia": "pl:Pomnik Józefa Piłsudskiego w Krakowie"
        }
      },
      "geometry": {
        "type": "Point",
        "coordinates": [
          19.9276006,
          50.060019
        ]
      }
    },
    {
      "type": "Feature",
      "id": "node-3352845943",
      "properties": {
        "name": "Jan Matejko",
        "category": "historic",
        "osm_url": "https://www.openstreetmap.org/node/3352845943",
        "coordinate_source": "node",
        "tags": {
          "historic": "memorial",
          "memorial": "statue",
          "name": "Jan Matejko",
          "name:be": "Помнік Яна Матэйкі",
          "name:de": "Jan-Matejko-Denkmal",
          "name:pl": "Jan Matejko",
          "subject:wikidata": "Q189117",
          "wheelchair": "yes",
          "wikidata": "Q15622244",
          "wikipedia": "pl:Pomnik Jana Matejki w Krakowie"
        }
      },
      "geometry": {
        "type": "Point",
        "coordinates": [
          19.9410499,
          50.0653877
        ]
      }
    },
    {
      "type": "Feature",
      "id": "node-3545259938",
      "properties": {
        "name": "Muzeum Paleobotaniczne UJ",
        "category": "museum",
        "osm_url": "https://www.openstreetmap.org/node/3545259938",
        "coordinate_source": "node",
        "tags": {
          "description:hu": "Paleobotanikai Múzeum",
          "name": "Muzeum Paleobotaniczne UJ",
          "name:hu": "Jagelló Egyetem Ősnövénytani Múzeuma",
          "official_name": "Muzeum Paleobotaniczne Instytutu Botaniki Uniwersytetu Jagiellońskiego",
          "start_date": "2003",
          "tourism": "museum",
          "website": "https://ib.uj.edu.pl/instytut/muzeum",
          "wikidata": "Q11787114",
          "wikipedia": "pl:Muzeum Paleobotaniczne Instytutu Botaniki UJ w Krakowie"
        }
      },
      "geometry": {
        "type": "Point",
        "coordinates": [
          19.9573898,
          50.0644028
        ]
      }
    },
    {
      "type": "Feature",
      "id": "node-3988103830",
      "properties": {
        "name": "Muzeum Katedralne im. Jana Pawła II",
        "category": "museum",
        "osm_url": "https://www.openstreetmap.org/node/3988103830",
        "coordinate_source": "node",
        "tags": {
          "addr:city": "Kraków",
          "addr:housenumber": "2",
          "addr:place": "Zamek Wawel",
          "addr:postcode": "31-001",
          "fee": "yes",
          "name": "Muzeum Katedralne im. Jana Pawła II",
          "name:be": "Кафедральны музей Яна Паўла ІІ",
          "name:de": "Johann-Paul-II-Domsmuseum",
          "name:en": "John Paul II Cathedral Museum",
          "name:hr": "Katedralni muzej Ivana Pavla II.",
          "name:hu": "II. János Pál Székesegyházi Múzeum",
          "name:pl": "Muzeum Katedralne im. Jana Pawła II",
          "name:ru": "Кафедральный музей имени Иоанна Павла 2",
          "opening_hours": "Nov-Mar Mo-Sa 09:00-16:00; Apr-Oct Mo-Sa 09:00-17:00; PH off",
          "phone": "+48 12 4293321",
          "start_date": "1978-09-28",
          "tourism": "museum",
          "website": "https://diecezja.pl/muzea-archidiecezji/muzeum-katedralne-na-wawelu/",
          "wikidata": "Q6944418",
          "wikipedia": "pl:Muzeum Katedralne im. Jana Pawła II na Wawelu"
        }
      },
      "geometry": {
        "type": "Point",
        "coordinates": [
          19.9344961,
          50.0546591
        ]
      }
    },
    {
      "type": "Feature",
      "id": "node-4002989037",
      "properties": {
        "name": "Muzeum Geologiczne WGGiOŚ AGH",
        "category": "museum",
        "osm_url": "https://www.openstreetmap.org/node/4002989037",
        "coordinate_source": "node",
        "tags": {
          "addr:city": "Kraków",
          "addr:housenumber": "30",
          "addr:postcode": "30-059",
          "addr:street": "Aleja Adama Mickiewicza",
          "fee": "no",
          "name": "Muzeum Geologiczne WGGiOŚ AGH",
          "name:hu": "Földtani Múzeum (Műszaki Egyetem, Geológiai Kar)",
          "operator": "Akademia Górniczo-Hutnicza w Krakowie",
          "phone": "+48 606 510 084",
          "tourism": "museum",
          "website": "http://www.geol.agh.edu.pl/~muzeum/index.php",
          "wikidata": "Q11786979",
          "wikipedia": "pl:Muzeum Geologiczne Wydziału Geologii Geofizyki i Ochrony Środowiska AGH"
        }
      },
      "geometry": {
        "type": "Point",
        "coordinates": [
          19.9231397,
          50.0641425
        ]
      }
    },
    {
      "type": "Feature",
      "id": "node-4031826801",
      "properties": {
        "name": "Galeria Sztuki Polskiej XIX wieku",
        "category": "museum",
        "osm_url": "https://www.openstreetmap.org/node/4031826801",
        "coordinate_source": "node",
        "tags": {
          "addr:city": "Kraków",
          "addr:housenumber": "3",
          "addr:postcode": "31-042",
          "addr:street": "Rynek Główny",
          "fee": "yes",
          "fee:conditional": "no @ Sunday for unchanging expositions",
          "name": "Galeria Sztuki Polskiej XIX wieku",
          "name:en": "National Museum The Nineteenth Century Polish Art Gallery at the Sukiennice",
          "name:hu": "XIX. századi lengyel művészeti galéria",
          "name:ja": "織物会館",
          "name:pl": "Galeria Sztuki Polskiej XIX wieku",
          "opening_hours": "Su 10:00-16:00; Th 10:00-20:00; Tu, We, Fr, Sa 10:00-18:00",
          "operator": "Muzeum Narodowe w Krakowie",
          "phone": "+48 12 433 54 00",
          "tourism": "museum",
          "website": "https://mnk.pl/oddzial/galeria-sztuki-polskiej/o-oddziale",
          "wheelchair": "yes",
          "wikidata": "Q7635861",
          "wikipedia": "pl:Galeria Sztuki Polskiej XIX wieku w Sukiennicach"
        }
      },
      "geometry": {
        "type": "Point",
        "coordinates": [
          19.9375879,
          50.061742
        ]
      }
    },
    {
      "type": "Feature",
      "id": "node-4281228578",
      "properties": {
        "name": "Muzeum i Archiwum Marii Angeli Truszkowskiej",
        "category": "museum",
        "osm_url": "https://www.openstreetmap.org/node/4281228578",
        "coordinate_source": "node",
        "tags": {
          "addr:city": "Kraków",
          "addr:country": "PL",
          "addr:housenumber": "18",
          "addr:postcode": "31-027",
          "addr:street": "Mikołajska",
          "description:hu": "Maria Angela Truszkowska (1825–99) lengyel rendalapító szerzetesnő",
          "email": "muzeum-mat@cssf.opoka.org.pl",
          "fax": "+48 12 4264740",
          "fee": "yes",
          "name": "Muzeum i Archiwum Marii Angeli Truszkowskiej",
          "name:hu": "Maria Angela Truszkowska Múzeum és Levéltár",
          "opening_hours": "Tu 14:00-17:00; We-Fr 10:00-14:00",
          "operator": "Zgromadzenie Sióstr Felicjanek",
          "phone": "+48 12 4264740",
          "start_date": "1999-10-11",
          "tourism": "museum",
          "website": "http://www.muzeum-mat.cssf.opoka.org.pl/",
          "wikidata": "Q11787298",
          "wikipedia": "pl:Muzeum i Archiwum bł. Marii Angeli Truszkowskiej w Krakowie"
        }
      },
      "geometry": {
        "type": "Point",
        "coordinates": [
          19.9417126,
          50.0613744
        ]
      }
    },
    {
      "type": "Feature",
      "id": "node-4443337491",
      "properties": {
        "name": "Ulica Pomorska",
        "category": "museum",
        "osm_url": "https://www.openstreetmap.org/node/4443337491",
        "coordinate_source": "node",
        "tags": {
          "fee": "yes",
          "fee:conditional": "no @ We",
          "museum": "history",
          "name": "Ulica Pomorska",
          "name:en": "Pomorska Street",
          "name:hu": "Pomorska utca",
          "name:pl": "Ulica Pomorska",
          "opening_hours": "Apr-Oct: Mo-Su 10:00-17:30; Nov-Mar: Mo-Tu off; We-Su 10:00-17:00",
          "tourism": "museum",
          "website": "https://muzeumkrakowa.pl/oddzialy/ulica-pomorska",
          "wikidata": "Q5101500",
          "wikipedia": "pl:Muzeum Historyczne Miasta Krakowa"
        }
      },
      "geometry": {
        "type": "Point",
        "coordinates": [
          19.9249265,
          50.0706881
        ]
      }
    },
    {
      "type": "Feature",
      "id": "node-471557535",
      "properties": {
        "name": "Muzeum Farmacji UJ",
        "category": "museum",
        "osm_url": "https://www.openstreetmap.org/node/471557535",
        "coordinate_source": "node",
        "tags": {
          "addr:city": "Kraków",
          "addr:country": "PL",
          "addr:housenumber": "25",
          "addr:street": "Floriańska",
          "email": "mf1@mp.pl",
          "name": "Muzeum Farmacji UJ",
          "name:en": "Museum of Pharmacy",
          "name:hu": "Patikamúzeum",
          "name:pl": "Muzeum Farmacji UJ",
          "name:ru": "Музей фармацевтики",
          "opening_hours": "We-Sa 09:30-15:00; Tu 12:00-18:30",
          "phone": "+48 12 421 92 79",
          "tourism": "museum",
          "website": "http://muzeum.farmacja.uj.edu.pl",
          "wikidata": "Q11786965",
          "wikipedia": "pl:Muzeum Farmacji Collegium Medicum Uniwersytetu Jagiellońskiego"
        }
      },
      "geometry": {
        "type": "Point",
        "coordinates": [
          19.9403302,
          50.0632264
        ]
      }
    },
    {
      "type": "Feature",
      "id": "node-471557583",
      "properties": {
        "name": "Muzeum Uniwersytetu Jagiellońskiego",
        "category": "museum",
        "osm_url": "https://www.openstreetmap.org/node/471557583",
        "coordinate_source": "node",
        "tags": {
          "fee": "yes",
          "name": "Muzeum Uniwersytetu Jagiellońskiego",
          "name:de": "Museum des Jagiellonen-Universitäts",
          "name:en": "University Museum",
          "name:hu": "Jagelló Egyetem Múzeuma",
          "opening_hours": "Mo-Fr 10:00-17:00",
          "ref:ckkp": "MA00421",
          "tourism": "museum",
          "website": "https://maius.uj.edu.pl/",
          "wikidata": "Q11787234",
          "wikipedia": "pl:Muzeum Uniwersytetu Jagiellońskiego"
        }
      },
      "geometry": {
        "type": "Point",
        "coordinates": [
          19.9337367,
          50.0615617
        ]
      }
    },
    {
      "type": "Feature",
      "id": "node-471557838",
      "properties": {
        "name": "Pałac Krzysztofory",
        "category": "museum",
        "osm_url": "https://www.openstreetmap.org/node/471557838",
        "coordinate_source": "node",
        "tags": {
          "fee": "yes",
          "fee:conditional": "Tu @ Mo except temporary exhibitions",
          "museum": "history",
          "name": "Pałac Krzysztofory",
          "name:en": "Krzysztofory Palace",
          "name:hu": "Krakkói Várostörténeti Múzeum",
          "name:pl": "Pałac Krzysztofory",
          "opening_hours": "Tu-Su 10:00-18:00",
          "tourism": "museum",
          "website": "https://muzeumkrakowa.pl/oddzialy/palac-krzysztofory"
        }
      },
      "geometry": {
        "type": "Point",
        "coordinates": [
          19.936496,
          50.0627747
        ]
      }
    },
    {
      "type": "Feature",
      "id": "node-471635664",
      "properties": {
        "name": "Kamienica Szołayskich",
        "category": "museum",
        "osm_url": "https://www.openstreetmap.org/node/471635664",
        "coordinate_source": "node",
        "tags": {
          "addr:housenumber": "9",
          "addr:street": "Plac Szczepański",
          "check_date": "2023-09-24",
          "name": "Kamienica Szołayskich",
          "official_name": "Kamienica Szołayskich im. Feliksa Jasieńskiego",
          "opening_hours": "Tu 10:00-18:00; We-Su 10:00-16:00",
          "operator": "Muzeum Narodowe w Krakowie",
          "phone": "+48 12 433 54 50",
          "tourism": "museum",
          "website": "https://mnk.pl/oddzial/mnk-szolayscy"
        }
      },
      "geometry": {
        "type": "Point",
        "coordinates": [
          19.935964,
          50.0633496
        ]
      }
    },
    {
      "type": "Feature",
      "id": "node-472032760",
      "properties": {
        "name": "Muzeum Przyrodnicze PAN",
        "category": "museum",
        "osm_url": "https://www.openstreetmap.org/node/472032760",
        "coordinate_source": "node",
        "tags": {
          "addr:city": "Kraków",
          "addr:housenumber": "9",
          "addr:postcode": "31-049",
          "addr:street": "Świętego Sebastiana",
          "fee": "yes",
          "free_day": "no",
          "museum": "nature",
          "name": "Muzeum Przyrodnicze PAN",
          "name:hu": "Lengyel Tudományos Akadémia Természettudományi Múzeuma",
          "opening_hours": "Tu-Fr 09:00-15:00; Sa, Su 10:00-18:00",
          "operator": "PAN",
          "tourism": "museum",
          "website": "https://isez.pan.krakow.pl/muzeum.html",
          "wikidata": "Q16580065",
          "wikipedia": "pl:Muzeum Przyrodnicze Instytutu Systematyki i Ewolucji Zwierząt PAN"
        }
      },
      "geometry": {
        "type": "Point",
        "coordinates": [
          19.9415137,
          50.0554747
        ]
      }
    },
    {
      "type": "Feature",
      "id": "node-472147189",
      "properties": {
        "name": "Żydowskie Muzeum Galicja",
        "category": "museum",
        "osm_url": "https://www.openstreetmap.org/node/472147189",
        "coordinate_source": "node",
        "tags": {
          "addr:city": "Kraków",
          "addr:country": "PL",
          "addr:housenumber": "18",
          "addr:street": "Dajwór",
          "name": "Żydowskie Muzeum Galicja",
          "name:en": "Galicia Jewish Museum",
          "name:he": "מוזיאון יהודי",
          "name:hu": "Galíciai Zsidó Múzeum",
          "name:pl": "Żydowskie Muzeum Galicja",
          "opening_hours": "Mo-Su 10:00-18:00",
          "phone": "+48 12 421 68 42",
          "source:name:en": "http://www.galiciajewishmuseum.org/en",
          "tourism": "museum",
          "website": "https://galiciajewishmuseum.org/",
          "wikidata": "Q326670",
          "wikipedia": "pl:Żydowskie Muzeum Galicja w Krakowie"
        }
      },
      "geometry": {
        "type": "Point",
        "coordinates": [
          19.9496775,
          50.0508571
        ]
      }
    },
    {
      "type": "Feature",
      "id": "node-475387282",
      "properties": {
        "name": "Bunkier Sztuki",
        "category": "museum",
        "osm_url": "https://www.openstreetmap.org/node/475387282",
        "coordinate_source": "node",
        "tags": {
          "addr:city": "Kraków",
          "addr:housenumber": "3a",
          "addr:postcode": "31-011",
          "addr:street": "Plac Szczepański",
          "name": "Bunkier Sztuki",
          "name:hu": "Művészetek Bunkere",
          "name:pl": "Bunkier Sztuki",
          "opening_hours": "Tu-Su 11:00-19:00",
          "tourism": "museum",
          "website": "https://bunkier.art.pl/",
          "wikidata": "Q11699302",
          "wikipedia": "pl:Galeria Sztuki Współczesnej „Bunkier Sztuki”"
        }
      },
      "geometry": {
        "type": "Point",
        "coordinates": [
          19.9344469,
          50.0635805
        ]
      }
    },
    {
      "type": "Feature",
      "id": "node-4817320821",
      "properties": {
        "name": "Muzeum Witrażu w Krakowie",
        "category": "museum",
        "osm_url": "https://www.openstreetmap.org/node/4817320821",
        "coordinate_source": "node",
        "tags": {
          "addr:postcode": "31-111",
          "email": "info@stainedglass.pl",
          "name": "Muzeum Witrażu w Krakowie",
          "name:en": "Krakow Workshop and Stained Glass Museum",
          "name:hu": "Krakkói Ólomüvegablak-múzeum és -műhely",
          "name:pl": "Muzeum Witrażu w Krakowie",
          "opening_hours": "Tu-Sa 11:30-18:00",
          "phone": "+48 512 937 979",
          "tourism": "museum",
          "website": "http://muzeumwitrazu.pl",
          "wikidata": "Q6944430",
          "wikipedia": "pl:Muzeum Witrażu w Krakowie"
        }
      },
      "geometry": {
        "type": "Point",
        "coordinates": [
          19.9257049,
          50.0590085
        ]
      }
    },
    {
      "type": "Feature",
      "id": "node-5199949834",
      "properties": {
        "name": "Żywe Muzeum Obwarzanka",
        "category": "museum",
        "osm_url": "https://www.openstreetmap.org/node/5199949834",
        "coordinate_source": "node",
        "tags": {
          "addr:city": "Kraków",
          "addr:housenumber": "4",
          "addr:postcode": "31-157",
          "addr:street": "Ignacego Jana Paderewskiego",
          "description:hu": "A krakkói perec („Obwarzanek krakowski”) múzeuma",
          "fee": "yes",
          "name": "Żywe Muzeum Obwarzanka",
          "name:hu": "Élő Perecmúzeum",
          "name:pl": "Żywe Muzeum Obwarzanka",
          "opening_hours": "Mo-Th 10:00-16:00; Fr-Su 09:30-17:30",
          "operator:type": "private",
          "phone": "+48 12 357 73 22; +48 662 101 909",
          "tourism": "museum",
          "website": "https://www.muzeumobwarzanka.com/",
          "wheelchair": "no"
        }
      },
      "geometry": {
        "type": "Point",
        "coordinates": [
          19.9408143,
          50.0666305
        ]
      }
    },
    {
      "type": "Feature",
      "id": "node-5751039807",
      "properties": {
        "name": "Muzeum Anatomii",
        "category": "museum",
        "osm_url": "https://www.openstreetmap.org/node/5751039807",
        "coordinate_source": "node",
        "tags": {
          "charge": "7 zł",
          "email": "mburbani@cyf-kr.edu.pl",
          "fee": "yes",
          "name": "Muzeum Anatomii",
          "name:en": "Museum of Anatomy",
          "name:hu": "Orvoslástörténeti Múzeum",
          "official_name": "Muzeum Katedry Anatomii Uniwersytetu Jagiellońskiego Collegium Medicum",
          "tourism": "museum",
          "website": "http://katedra-anatomii.cm-uj.krakow.pl/o-katedrze/muzeum-katedry/",
          "wikidata": "Q11787260",
          "wikipedia": "pl:Muzeum Wydziału Lekarskiego UJ"
        }
      },
      "geometry": {
        "type": "Point",
        "coordinates": [
          19.9459505,
          50.0617966
        ]
      }
    },
    {
      "type": "Feature",
      "id": "node-6958500807",
      "properties": {
        "name": "Muzeum AGH",
        "category": "museum",
        "osm_url": "https://www.openstreetmap.org/node/6958500807",
        "coordinate_source": "node",
        "tags": {
          "addr:city": "Kraków",
          "addr:housenumber": "30",
          "addr:postcode": "30-059",
          "addr:street": "Aleja Adama Mickiewicza",
          "name": "Muzeum AGH",
          "operator": "Akademia Górniczo-Hutnicza w Krakowie",
          "tourism": "museum",
          "website": "https://historia.agh.edu.pl/wiki/Muzeum_AGH",
          "wikidata": "Q11786993",
          "wikipedia": "pl:Muzeum Historii AGH i Historii Techniki"
        }
      },
      "geometry": {
        "type": "Point",
        "coordinates": [
          19.9222029,
          50.0660335
        ]
      }
    },
    {
      "type": "Feature",
      "id": "node-7913718188",
      "properties": {
        "name": "Cerkiew Zaśnięcia Najświętszej Marii Panny",
        "category": "place_of_worship",
        "osm_url": "https://www.openstreetmap.org/node/7913718188",
        "coordinate_source": "node",
        "tags": {
          "addr:city": "Kraków",
          "addr:housenumber": "24",
          "addr:postcode": "31-024",
          "addr:street": "Szpitalna",
          "amenity": "place_of_worship",
          "denomination": "orthodox",
          "diocese": "łódzko-poznańska",
          "historic": "church",
          "name": "Cerkiew Zaśnięcia Najświętszej Marii Panny",
          "name:hu": "Mária mennybevétele ortodox templom",
          "old_name": "Synagoga Ahawat Raim",
          "old_religion": "jewish",
          "ref:nid": "A/543 z 19.02.1968",
          "religion": "christian",
          "website": "https://www.krakow.cerkiew.pl/",
          "wheelchair": "limited",
          "wikidata": "Q9187262",
          "wikimedia_commons": "File:Cerkiew, ul.Szpitalna 24 Kraków.JPG",
          "wikipedia": "pl:Cerkiew Zaśnięcia Najświętszej Maryi Panny w Krakowie"
        }
      },
      "geometry": {
        "type": "Point",
        "coordinates": [
          19.9412887,
          50.0630285
        ]
      }
    },
    {
      "type": "Feature",
      "id": "node-9015266574",
      "properties": {
        "name": "Wawel Zaginiony",
        "category": "museum",
        "osm_url": "https://www.openstreetmap.org/node/9015266574",
        "coordinate_source": "node",
        "tags": {
          "fee": "yes",
          "fee:conditional": "no @ Mo",
          "museum": "history",
          "name": "Wawel Zaginiony",
          "note": "z punktu prawnego może nie być to osobne muzeum, ale ma osobną nazwę, osobne bilety, własne godziny otwarcia...",
          "tourism": "museum",
          "website": "https://wawel.krakow.pl/wystawa-stala/wawel-zaginiony-1",
          "wikidata": "Q9371575",
          "wikipedia": "pl:Wawel Zaginiony"
        }
      },
      "geometry": {
        "type": "Point",
        "coordinates": [
          19.9363047,
          50.0540886
        ]
      }
    },
    {
      "type": "Feature",
      "id": "node-9845902947",
      "properties": {
        "name": "Skarbiec Koronny",
        "category": "museum",
        "osm_url": "https://www.openstreetmap.org/node/9845902947",
        "coordinate_source": "node",
        "tags": {
          "fee": "yes",
          "name": "Skarbiec Koronny",
          "tourism": "museum",
          "website": "https://wawel.krakow.pl/wystawa-stala/skarbiec-koronny",
          "wikidata": "Q9337658",
          "wikipedia": "pl:Skarbiec Koronny na Wawelu"
        }
      },
      "geometry": {
        "type": "Point",
        "coordinates": [
          19.9369335,
          50.0548154
        ]
      }
    },
    {
      "type": "Feature",
      "id": "relation-13562708",
      "properties": {
        "name": "Barbakan",
        "category": "museum",
        "osm_url": "https://www.openstreetmap.org/relation/13562708",
        "coordinate_source": "bounds_center",
        "tags": {
          "building": "yes",
          "building:colour": "maroon",
          "building:material": "brick",
          "defensive_works": "barbican",
          "disused:tourism": "museum",
          "fee": "yes",
          "height": "10",
          "heritage": "2",
          "heritage:operator": "nid",
          "historic": "city_gate",
          "museum": "history",
          "name": "Barbakan",
          "name:de": "Barbican",
          "name:en": "Barbican",
          "name:hu": "Barbakán",
          "name:pl": "Barbakan",
          "opening_hours": "Mo-Su 10:30-18:00; Nov-Mar off",
          "operator": "Muzeum Krakowa",
          "ref:ckkp": "MA00013",
          "ref:nid": "A-8",
          "seasonal": "yes",
          "source:seasonal": "https://muzeumkrakowa.pl/aktualnosci/oddzialy-mury-obronne-i-barbakan",
          "tourism": "museum",
          "type": "multipolygon",
          "website": "https://muzeumkrakowa.pl/oddzialy/barbakan",
          "wheelchair": "limited",
          "wikidata": "Q807309",
          "wikipedia": "pl:Barbakan w Krakowie"
        }
      },
      "geometry": {
        "type": "Point",
        "coordinates": [
          19.9416339,
          50.0654585
        ]
      }
    },
    {
      "type": "Feature",
      "id": "relation-16816031",
      "properties": {
        "name": "Muzeum Fotografii w Krakowie",
        "category": "museum",
        "osm_url": "https://www.openstreetmap.org/relation/16816031",
        "coordinate_source": "bounds_center",
        "tags": {
          "amenity": "museum",
          "contact:phone": "+48 12 395 70 42",
          "name": "Muzeum Fotografii w Krakowie",
          "operator": "Muzeum Fotografii w Krakowie",
          "ownership": "municipal",
          "short_name": "MuFo",
          "tourism": "museum",
          "type": "network",
          "website": "https://www.mufo.krakow.pl/",
          "wikidata": "Q9047022",
          "wikipedia": "pl:Muzeum Fotografii w Krakowie"
        }
      },
      "geometry": {
        "type": "Point",
        "coordinates": [
          19.9389347,
          50.0704026
        ]
      }
    },
    {
      "type": "Feature",
      "id": "relation-1765210",
      "properties": {
        "name": "Muzeum Armii Krajowej",
        "category": "museum",
        "osm_url": "https://www.openstreetmap.org/relation/1765210",
        "coordinate_source": "bounds_center",
        "tags": {
          "addr:city": "Kraków",
          "addr:country": "PL",
          "addr:district": "Stare Miasto",
          "addr:housenumber": "12",
          "addr:postcode": "31-141",
          "addr:street": "Wita Stwosza",
          "addr:subdistrict": "Warszawskie",
          "building": "yes",
          "description:hu": "II. világháborús ellenállási múzeum",
          "fee": "yes",
          "fee:conditional": "no @ Su",
          "historic": "yes",
          "museum": "history",
          "name": "Muzeum Armii Krajowej",
          "name:hu": "Lengyel Honi Hadsereg Múzeuma",
          "official_name": "Muzeum Armii Krajowej im. Gen. Emila Fieldorfa \"Nila\"",
          "opening_hours": "Tu-Su 11:00-17:00",
          "operator": "Gmina Miejska Kraków i Województwo Małopolskie",
          "operator:type": "public",
          "phone": "+48 12 4100770",
          "short_name": "Muzeum AK",
          "tourism": "museum",
          "type": "multipolygon",
          "website": "https://www.muzeum-ak.pl/",
          "wikidata": "Q4793410",
          "wikipedia": "pl:Muzeum Armii Krajowej w Krakowie"
        }
      },
      "geometry": {
        "type": "Point",
        "coordinates": [
          19.9487071,
          50.0723886
        ]
      }
    },
    {
      "type": "Feature",
      "id": "relation-1863002",
      "properties": {
        "name": "Muzeum Archeologiczne",
        "category": "museum",
        "osm_url": "https://www.openstreetmap.org/relation/1863002",
        "coordinate_source": "bounds_center",
        "tags": {
          "building": "yes",
          "building:levels": "4",
          "fee": "yes",
          "fee:conditional": "no @ Su",
          "fee:conditional:note": "Zdarzają się wystawy w salach wynajmowane od muzeum, nie organizowane przez muzeum które nie są objęte darmowym wstępem",
          "heritage": "2",
          "heritage:operator": "nid",
          "museum": "archaeological",
          "name": "Muzeum Archeologiczne",
          "name:de": "Archäologisches Museum",
          "name:en": "Archeological Museum",
          "name:es": "Museo Arqueológico",
          "name:hu": "Régészeti Múzeum",
          "name:pl": "Muzeum Archeologiczne",
          "opening_hours": "Mo-Su 10:00-16:00",
          "operator": "Województwo Małopolskie",
          "operator:type": "public",
          "ref:nid": "A-90",
          "tourism": "museum",
          "type": "multipolygon",
          "url": "https://dzieje.pl/dziedzictwo-kulturowe/muzeum-ktore-bylo-klasztorem-i-wiezieniem",
          "visiting_time": "1h",
          "website": "https://ma.krakow.pl/",
          "wheelchair": "no",
          "wikidata": "Q3329434",
          "wikipedia": "pl:Muzeum Archeologiczne w Krakowie"
        }
      },
      "geometry": {
        "type": "Point",
        "coordinates": [
          19.9362547,
          50.0575557
        ]
      }
    },
    {
      "type": "Feature",
      "id": "relation-214263",
      "properties": {
        "name": "Collegium Maius",
        "category": "historic",
        "osm_url": "https://www.openstreetmap.org/relation/214263",
        "coordinate_source": "bounds_center",
        "tags": {
          "building": "university",
          "building:levels": "3",
          "heritage": "2",
          "heritage:operator": "nid",
          "historic": "building",
          "name": "Collegium Maius",
          "name:ko": "콜레기움 마이우스",
          "ref:nid": "A-11",
          "source": "Geoportal, Knowledge",
          "tourism": "attraction",
          "type": "multipolygon",
          "wikidata": "Q919596",
          "wikipedia": "pl:Collegium Maius Uniwersytetu Jagiellońskiego"
        }
      },
      "geometry": {
        "type": "Point",
        "coordinates": [
          19.9336997,
          50.0616541
        ]
      }
    },
    {
      "type": "Feature",
      "id": "relation-2270819",
      "properties": {
        "name": "Zamek Królewski na Wawelu",
        "category": "historic",
        "osm_url": "https://www.openstreetmap.org/relation/2270819",
        "coordinate_source": "bounds_center",
        "tags": {
          "access": "yes",
          "building": "castle",
          "building:levels": "3",
          "castle_type": "stately",
          "fee": "yes",
          "heritage": "2",
          "heritage:operator": "nid",
          "historic": "castle",
          "language:audioguides:de": "yes",
          "language:audioguides:en": "yes",
          "language:audioguides:es": "yes",
          "language:audioguides:fr": "yes",
          "language:audioguides:it": "yes",
          "language:audioguides:pl": "yes",
          "language:audioguides:ru": "yes",
          "language:audioguides:uk": "yes",
          "language:guides:en": "yes",
          "language:guides:pl": "yes",
          "name": "Zamek Królewski na Wawelu",
          "name:ca": "Castell de Wawel",
          "name:cs": "Královský hrad",
          "name:de": "Königsschloss Wawel",
          "name:en": "Wawel Castle",
          "name:es": "Castillo Real",
          "name:fr": "Château du Wawel",
          "name:hu": "Királyi palota",
          "name:it": "Castello del Wawel",
          "name:ko": "바벨 성",
          "name:lt": "Karališkoji Vavelio pilis",
          "name:pl": "Zamek Królewski na Wawelu",
          "name:pt": "Castelo Real de Wawel",
          "name:ro": "Castelul Wawel",
          "name:sk": "Wawelský hrad",
          "name:zh": "瓦維爾城堡",
          "ref:inspire": "PL.1.9.ZIPOZ.NID_N_12_BK.217616",
          "ref:nid": "A-7",
          "ref:otar": "K01.30.10.JE9Y8F",
          "tourism": "attraction",
          "type": "multipolygon",
          "website": "https://wawel.krakow.pl/",
          "wikidata": "Q18820",
          "wikipedia": "pl:Zamek Królewski na Wawelu"
        }
      },
      "geometry": {
        "type": "Point",
        "coordinates": [
          19.936564,
          50.0544127
        ]
      }
    },
    {
      "type": "Feature",
      "id": "relation-2702585",
      "properties": {
        "name": "Pałac Zbaraskich",
        "category": "historic",
        "osm_url": "https://www.openstreetmap.org/relation/2702585",
        "coordinate_source": "bounds_center",
        "tags": {
          "building": "yes",
          "building:colour": "#faf0e6",
          "building:levels": "4",
          "building:material": "plaster",
          "castle_type": "stately",
          "height": "22",
          "historic": "castle",
          "name": "Pałac Zbaraskich",
          "roof:colour": "grey",
          "roof:height": "2",
          "roof:material": "tiles",
          "roof:orientation": "along",
          "roof:shape": "gabled",
          "type": "multipolygon",
          "wikidata": "Q11814892",
          "wikimedia_commons": "File:Pałac Zbaraskich, Kraków.JPG",
          "wikipedia": "pl:Pałac Zbaraskich w Krakowie"
        }
      },
      "geometry": {
        "type": "Point",
        "coordinates": [
          19.9366473,
          50.0607028
        ]
      }
    },
    {
      "type": "Feature",
      "id": "relation-8027535",
      "properties": {
        "name": "Pałac Wielopolskich",
        "category": "historic",
        "osm_url": "https://www.openstreetmap.org/relation/8027535",
        "coordinate_source": "bounds_center",
        "tags": {
          "building": "yes",
          "castle_type": "palace",
          "historic": "castle",
          "name": "Pałac Wielopolskich",
          "type": "multipolygon",
          "wikidata": "Q11814878",
          "wikipedia": "pl:Pałac Wielopolskich w Krakowie"
        }
      },
      "geometry": {
        "type": "Point",
        "coordinates": [
          19.9369065,
          50.0585282
        ]
      }
    },
    {
      "type": "Feature",
      "id": "way-104374972",
      "properties": {
        "name": "Kościół pw. Świętych Apostołów Piotra i Pawła",
        "category": "place_of_worship",
        "osm_url": "https://www.openstreetmap.org/way/104374972",
        "coordinate_source": "bounds_center",
        "tags": {
          "addr:city": "Kraków",
          "addr:housenumber": "52a",
          "addr:street": "Grodzka",
          "amenity": "place_of_worship",
          "building": "church",
          "church:type": "parish",
          "denomination": "roman_catholic",
          "diocese": "Archidiecezja krakowska",
          "heritage": "2",
          "heritage:operator": "nid",
          "name": "Kościół pw. Świętych Apostołów Piotra i Pawła",
          "name:de": "St.-Peter-und-Paul-Kirche",
          "name:en": "Church of Saints Peter and Paul",
          "name:es": "Iglesia de San Pedro y San Pablo",
          "name:fr": "Église Saints-Pierre-et-Paul",
          "name:hu": "Szent Péter és Pál Apostol temploma",
          "name:pl": "Kościół pw. Świętych Apostołów Piotra i Pawła",
          "name:ru": "Костёл Святых Петра и Павла",
          "name:zh": "聖伯多祿聖保祿堂",
          "ref:ckkp": "MA00820",
          "ref:nid": "A-4",
          "religion": "christian",
          "source": "Bing, Knowledge",
          "url": "http://www.diecezja.pl/parafie/lista-parafii/krakow-centrum/parafia-wszystkich-swietych.html",
          "wikidata": "Q338657",
          "wikimedia_commons": "File:Poland Krakow Ss. Peter and Paul church.jpg",
          "wikipedia": "pl:Kościół Świętych Apostołów Piotra i Pawła w Krakowie"
        }
      },
      "geometry": {
        "type": "Point",
        "coordinates": [
          19.939061,
          50.0569269
        ]
      }
    },
    {
      "type": "Feature",
      "id": "way-124787717",
      "properties": {
        "name": "Kościół Świętego Marcina",
        "category": "place_of_worship",
        "osm_url": "https://www.openstreetmap.org/way/124787717",
        "coordinate_source": "bounds_center",
        "tags": {
          "addr:city": "Kraków",
          "addr:housenumber": "56",
          "addr:postcode": "31-044",
          "addr:street": "Grodzka",
          "amenity": "place_of_worship",
          "building": "church",
          "church:type": "parish",
          "denomination": "lutheran",
          "diocese": "Diecezja Katowicka Kościoła Ewangelicko-Augsburskiego w Polsce",
          "heritage": "2",
          "heritage:operator": "nid",
          "historic": "church",
          "image": "http://commons.wikimedia.org/wiki/File:Church_of_St._Martin_in_Krak%C3%B3w.JPG",
          "name": "Kościół Świętego Marcina",
          "name:be": "Касцёл Святога Марціна",
          "name:de": "Kirche Heiliger Marcin",
          "name:hu": "Szent Márton templom",
          "ref:nid": "A-17",
          "religion": "christian",
          "service_times": "Su 10:00,13:00",
          "wikidata": "Q11747103",
          "wikipedia": "pl:Kościół św. Marcina w Krakowie"
        }
      },
      "geometry": {
        "type": "Point",
        "coordinates": [
          19.9386185,
          50.0559068
        ]
      }
    },
    {
      "type": "Feature",
      "id": "way-125099334",
      "properties": {
        "name": "Domek Loretański",
        "category": "place_of_worship",
        "osm_url": "https://www.openstreetmap.org/way/125099334",
        "coordinate_source": "bounds_center",
        "tags": {
          "addr:city": "Kraków",
          "addr:city:simc": "0950463",
          "addr:country": "PL",
          "addr:housenumber": "11",
          "addr:postcode": "31-114",
          "addr:street": "Loretańska",
          "addr:street:sym_ul": "11261",
          "alt_name": "Kaplica pomocnicza",
          "amenity": "place_of_worship",
          "building": "chapel",
          "building:levels": "1",
          "church:id": "20047",
          "church:type": "auxiliary",
          "deanery": "Dekanat 01 - Kraków Centrum",
          "denomination": "roman_catholic",
          "diocese": "Archidiecezja krakowska",
          "heritage": "2",
          "heritage:operator": "nid",
          "name": "Domek Loretański",
          "nid:inscription_date": "1931-03-28",
          "nid:website": "https://zabytek.pl/pl/obiekty/zabytek?inspire_id=PL.1.9.ZIPOZ.NID_N_12_BK.215801&rejestr=rejestr-zabytkow",
          "parish": "Parafia św. Anny w Krakowie",
          "parish:wikidata": "Q11807703",
          "parish:wikipedia": "pl:Parafia św. Anny w Krakowie",
          "ref:inspire": "PL.1.9.ZIPOZ.NID_N_12_BK.215801",
          "ref:nid": "A-83",
          "religion": "christian",
          "shrine": "local",
          "shrine:name": "Sanktuarium Świętego Domku",
          "shrine:type": "mary",
          "wikidata": "Q9209669",
          "wikipedia": "pl:Domek loretański w Krakowie"
        }
      },
      "geometry": {
        "type": "Point",
        "coordinates": [
          19.9302465,
          50.0620857
        ]
      }
    },
    {
      "type": "Feature",
      "id": "way-1284375894",
      "properties": {
        "name": "Muzeum Narodowe w Krakowie",
        "category": "museum",
        "osm_url": "https://www.openstreetmap.org/way/1284375894",
        "coordinate_source": "bounds_center",
        "tags": {
          "addr:city": "Kraków",
          "addr:country": "PL",
          "addr:housenumber": "1",
          "addr:postcode": "30-062",
          "addr:street": "Aleja 3 Maja",
          "building": "yes",
          "fee": "yes",
          "fee:conditional": "no @ Tu; yes @ (temporary_exhibition)",
          "fixme": "wysokość 0.1, żeby 3d nie renderowało jednej kondygnacji z całego obrysu budynku",
          "height": "0.1",
          "name": "Muzeum Narodowe w Krakowie",
          "name:de": "Nationalmuseum in Krakau",
          "name:en": "National Museum in Kraków",
          "name:hu": "Krakkói Nemzeti Múzeum",
          "name:pl": "Muzeum Narodowe w Krakowie",
          "opening_hours": "Tu,Fr,Sa 10:00-19:00; Mo off; We,Th,Su 10:00-18:00",
          "tourism": "museum",
          "wheelchair": "yes",
          "wikidata": "Q195311",
          "wikimedia_commons": "Category:Building of the National Museum in Kraków",
          "wikipedia": "pl:Muzeum Narodowe w Krakowie"
        }
      },
      "geometry": {
        "type": "Point",
        "coordinates": [
          19.923608,
          50.0604376
        ]
      }
    },
    {
      "type": "Feature",
      "id": "way-1334317116",
      "properties": {
        "name": "Muzeum Książąt Czartoryskich w Krakowie",
        "category": "museum",
        "osm_url": "https://www.openstreetmap.org/way/1334317116",
        "coordinate_source": "bounds_center",
        "tags": {
          "addr:city": "Kraków",
          "fee": "yes",
          "fee:conditional": "no @ Tu",
          "loc_name": "Czartoryscy",
          "name": "Muzeum Książąt Czartoryskich w Krakowie",
          "opening_hours": "Tu-Su 10:00-18:00",
          "phone": "+48 12 370 54 60",
          "ref:ckkp": "MA00400",
          "source:fee": "https://mnk.pl/oddzial/mnk-muzeum-czartoryskich/bilety-dojazd-informacje",
          "tourism": "museum",
          "website": "https://mnk.pl/oddzial/mnk-muzeum-czartoryskich",
          "wheelchair": "yes",
          "wikidata": "Q1450630",
          "wikipedia": "pl:Muzeum Książąt Czartoryskich w Krakowie"
        }
      },
      "geometry": {
        "type": "Point",
        "coordinates": [
          19.9402301,
          50.0648136
        ]
      }
    },
    {
      "type": "Feature",
      "id": "way-138025140",
      "properties": {
        "name": "Kościół pw. Świętego Krzyża",
        "category": "place_of_worship",
        "osm_url": "https://www.openstreetmap.org/way/138025140",
        "coordinate_source": "bounds_center",
        "tags": {
          "addr:city": "Kraków",
          "addr:housenumber": "2",
          "addr:postcode": "31-023",
          "addr:street": "Plac Świętego Ducha",
          "amenity": "place_of_worship",
          "building": "church",
          "deanery": "Dekanat Kraków-Centrum",
          "denomination": "roman_catholic",
          "diocese": "Archidiecezja krakowska",
          "heritage": "2",
          "heritage:operator": "nid",
          "historic": "church",
          "name": "Kościół pw. Świętego Krzyża",
          "name:be": "Касцёл Святога Крыжа",
          "name:de": "Sankt-Kreuz-Kirche",
          "name:hu": "Szent Kereszt templom",
          "name:pl": "Kościół pw. Świętego Krzyża",
          "ref:nid": "A-15",
          "religion": "christian",
          "website": "https://www.krzyzkrakow.pl/",
          "website:2": "http://www.diecezja.pl/parafie/lista-parafii/krakow-centrum/parafia-swietego-krzyza.html",
          "wheelchair": "yes",
          "wikidata": "Q11746269",
          "wikimedia_commons": "File:Kościół św. Krzyża 02tr.JPG",
          "wikipedia": "pl:Kościół Świętego Krzyża w Krakowie"
        }
      },
      "geometry": {
        "type": "Point",
        "coordinates": [
          19.9433343,
          50.0633711
        ]
      }
    },
    {
      "type": "Feature",
      "id": "way-138326573",
      "properties": {
        "name": "Kościół pw. Matki Boskiej Śnieżnej",
        "category": "place_of_worship",
        "osm_url": "https://www.openstreetmap.org/way/138326573",
        "coordinate_source": "bounds_center",
        "tags": {
          "amenity": "place_of_worship",
          "building": "church",
          "denomination": "roman_catholic",
          "diocese": "Archidiecezja krakowska",
          "heritage": "2",
          "heritage:operator": "nid",
          "loc_name": "Kościół na Gródku",
          "name": "Kościół pw. Matki Boskiej Śnieżnej",
          "name:hu": "Havas Boldogasszony templom",
          "operator": "Mniszki Zakonu Kaznodziejskiego (Dominikanki)",
          "ref:nid": "A-81",
          "religion": "christian",
          "source": "Geoportal, Knowledge",
          "wikidata": "Q11745145",
          "wikimedia_commons": "File:Kościół Matki Boskiej Śnieżnej w Krakowie.jpg",
          "wikipedia": "pl:Kościół Matki Boskiej Śnieżnej w Krakowie"
        }
      },
      "geometry": {
        "type": "Point",
        "coordinates": [
          19.9432029,
          50.0611572
        ]
      }
    },
    {
      "type": "Feature",
      "id": "way-138365337",
      "properties": {
        "name": "Kościół pw. Świętej Barbary",
        "category": "place_of_worship",
        "osm_url": "https://www.openstreetmap.org/way/138365337",
        "coordinate_source": "bounds_center",
        "tags": {
          "addr:city": "Kraków",
          "addr:city:simc": "0950463",
          "addr:country": "PL",
          "addr:housenumber": "9",
          "addr:postcode": "31-045",
          "addr:street": "Mały Rynek",
          "addr:street:sym_ul": "12209",
          "amenity": "place_of_worship",
          "building": "church",
          "building:colour": "#cd5c5c",
          "building:material": "stone",
          "church:id": "00014",
          "church:type": "monastic",
          "date:shrine": "1885",
          "deanery": "Dekanat 01 - Kraków Centrum",
          "denomination": "roman_catholic",
          "description": "Ojców Jezuitów",
          "diocese": "Archidiecezja krakowska",
          "height": "24.6",
          "heritage": "2",
          "heritage:operator": "nid",
          "historic": "church",
          "name": "Kościół pw. Świętej Barbary",
          "name:be": "Касцёл Святой Барбары",
          "name:de": "St.-Barbara-Kirche",
          "name:en": "Saint Barbara's Church",
          "name:es": "Iglesia de Santa Bárbara",
          "name:hu": "Szent Borbála templom",
          "name:pl": "Kościół pw. Świętej Barbary",
          "operator": "Towarzystwo Jezusowe (Jezuici)",
          "parish": "Parafia Wniebowzięcia Najświętszej Maryi Panny w Krakowie",
          "parish:wikidata": "Q11806384",
          "parish:wikipedia": "pl:Parafia Wniebowzięcia Najświętszej Maryi Panny w Krakowie",
          "ref:nid": "A-23",
          "religion": "christian",
          "roof:height": "10",
          "roof:material": "copper",
          "roof:orientation": "along",
          "roof:shape": "hipped",
          "shrine": "local",
          "shrine:name": "Sanktuarium Matki Boskiej Jurowickiej",
          "shrine:object": "obraz Matki Boskiej Jurowickiej",
          "shrine:type": "mary",
          "tourism": "attraction",
          "website": "http://www.swbarbara.jezuici.pl/",
          "wikidata": "Q606281",
          "wikimedia_commons": "File:Kościół_św._Barbary_w_Krakowie_02.jpg",
          "wikipedia": "pl:Kościół św. Barbary w Krakowie"
        }
      },
      "geometry": {
        "type": "Point",
        "coordinates": [
          19.9398407,
          50.0613121
        ]
      }
    },
    {
      "type": "Feature",
      "id": "way-138515650",
      "properties": {
        "name": "Kościół pw. Świętego Tomasza Apostoła",
        "category": "place_of_worship",
        "osm_url": "https://www.openstreetmap.org/way/138515650",
        "coordinate_source": "bounds_center",
        "tags": {
          "addr:street": "Szpitalna",
          "amenity": "place_of_worship",
          "building": "church",
          "building:levels": "4",
          "denomination": "roman_catholic",
          "historic": "church",
          "name": "Kościół pw. Świętego Tomasza Apostoła",
          "name:en": "Church of St. Thomas the Apostle",
          "name:hu": "Szent Tamás apostol templom",
          "name:pl": "Kościół pw. Świętego Tomasza Apostoła",
          "operator": "Zgromadzenie Ducha Świętego pod opieką Niepokalanego Serca Maryi Panny (Duchaczki)",
          "religion": "christian",
          "service_times": "Mo-Sa 07:00; Su 08:00",
          "website": "https://kanoniczki.pl/kosciol-sw-tomasza-apostola/",
          "wikidata": "Q11747503",
          "wikimedia_commons": "Category:Church_of_St._Thomas_in_Kraków",
          "wikipedia": "pl:Kościół św. Tomasza Apostoła w Krakowie"
        }
      },
      "geometry": {
        "type": "Point",
        "coordinates": [
          19.9407524,
          50.0624738
        ]
      }
    },
    {
      "type": "Feature",
      "id": "way-152104744",
      "properties": {
        "name": "Synagoga Wolfa Poppera",
        "category": "place_of_worship",
        "osm_url": "https://www.openstreetmap.org/way/152104744",
        "coordinate_source": "bounds_center",
        "tags": {
          "amenity": "place_of_worship",
          "building": "synagogue",
          "denomination": "orthodox",
          "historic": "building",
          "loc_name": "Mała Synagoga",
          "name": "Synagoga Wolfa Poppera",
          "name:hu": "Wolf Popper zsinagóga („kis zsinagóga”)",
          "old_name": "Synagoga Wolfa Poppera",
          "religion": "jewish",
          "wheelchair": "limited",
          "wikidata": "Q3511288",
          "wikimedia_commons": "File:Krakow synagoga 20071010 1711 2.jpg",
          "wikipedia": "pl:Synagoga Poppera w Krakowie"
        }
      },
      "geometry": {
        "type": "Point",
        "coordinates": [
          19.9488077,
          50.0524225
        ]
      }
    },
    {
      "type": "Feature",
      "id": "way-152104775",
      "properties": {
        "name": "Stara Synagoga",
        "category": "museum",
        "osm_url": "https://www.openstreetmap.org/way/152104775",
        "coordinate_source": "bounds_center",
        "tags": {
          "building": "synagogue",
          "building:levels": "3",
          "denomination": "orthodox",
          "disused:amenity": "place_of_worship",
          "fee": "yes",
          "fee:conditional": "no @ Mo",
          "historic": "building",
          "museum": "history",
          "name": "Stara Synagoga",
          "name:en": "Old Synagogue",
          "name:pl": "Stara Synagoga",
          "opening_hours": "Mo 10:00-14:00; Tu-Su 10:00-17:00",
          "ref:ckkp": "MA00397",
          "religion": "jewish",
          "tourism": "museum",
          "website": "https://muzeumkrakowa.pl/oddzialy/stara-synagoga",
          "wikidata": "Q3502453",
          "wikimedia_commons": "File:Krakow Synagoga Stara 20070920 xxyy.jpg",
          "wikipedia": "pl:Synagoga Stara w Krakowie"
        }
      },
      "geometry": {
        "type": "Point",
        "coordinates": [
          19.9486129,
          50.0513717
        ]
      }
    },
    {
      "type": "Feature",
      "id": "way-152330075",
      "properties": {
        "name": "Bazylika Najświętszego Serca Pana Jezusa",
        "category": "place_of_worship",
        "osm_url": "https://www.openstreetmap.org/way/152330075",
        "coordinate_source": "bounds_center",
        "tags": {
          "addr:city": "Kraków",
          "addr:housenumber": "26",
          "addr:postcode": "31-501",
          "addr:street": "Mikołaja Kopernika",
          "alt_name": "Kościół pw. Najświętszego Serca Pana Jezusa",
          "amenity": "place_of_worship",
          "building": "church",
          "by:religious_title": "papież Jan XXIII",
          "church:type": "parish",
          "date:religious_title": "1960-07-01",
          "deanery": "Dekanat Kraków-Kazimierz",
          "denomination": "roman_catholic",
          "diocese": "Archidiecezja krakowska",
          "heritage": "2",
          "heritage:operator": "nid",
          "historic": "church",
          "image": "http://commons.wikimedia.org/wiki/File:Ko%C5%9Bci%C3%B3%C5%82_Serca_Jezusowego_w_Krakowie_przy_ul._Kopernika.jpg",
          "name": "Bazylika Najświętszego Serca Pana Jezusa",
          "name:hu": "Jézus Szent Szíve templom",
          "operator": "Towarzystwo Jezusowe (Jezuici)",
          "ref:nid": "A-299",
          "religion": "christian",
          "religious_title": "Bazylika Mniejsza",
          "website": "http://bazylika.deon.pl/",
          "wikidata": "Q4867418",
          "wikimedia_commons": "Category:Basilica of the Sacred Heart of Jesus in Kraków",
          "wikipedia": "pl:Kościół Najświętszego Serca Pana Jezusa w Krakowie (ul. Kopernika)"
        }
      },
      "geometry": {
        "type": "Point",
        "coordinates": [
          19.9488309,
          50.0620983
        ]
      }
    },
    {
      "type": "Feature",
      "id": "way-152334095",
      "properties": {
        "name": "Pałac Rzewuskich w Krakowie",
        "category": "historic",
        "osm_url": "https://www.openstreetmap.org/way/152334095",
        "coordinate_source": "bounds_center",
        "tags": {
          "addr:city": "Kraków",
          "addr:housenumber": "11",
          "addr:postcode": "31-033",
          "addr:street": "Westerplatte",
          "building": "yes",
          "building:levels": "2",
          "castle_type": "palace",
          "description": "Dawna siedziba WSE - w 2018 roku siedziba Wyższej Szkoły Europejskiej im. ks. Józefa Tischnera została przeniesiona na Al. Jana Pawła II 39A.",
          "historic": "castle",
          "name": "Pałac Rzewuskich w Krakowie",
          "start_date": "1867",
          "wikidata": "Q126963760",
          "wikimedia_commons": "Category:11 Westerplatte street in Kraków"
        }
      },
      "geometry": {
        "type": "Point",
        "coordinates": [
          19.9449081,
          50.0618665
        ]
      }
    },
    {
      "type": "Feature",
      "id": "way-153033978",
      "properties": {
        "name": "Kościół pw. Przemienienia Pańskiego",
        "category": "place_of_worship",
        "osm_url": "https://www.openstreetmap.org/way/153033978",
        "coordinate_source": "bounds_center",
        "tags": {
          "addr:city": "Kraków",
          "addr:housenumber": "4",
          "addr:street": "Pijarska",
          "amenity": "place_of_worship",
          "building": "church",
          "check_date": "2025-04-15",
          "church:type": "monastic",
          "denomination": "roman_catholic",
          "diocese": "Archidiecezja krakowska",
          "heritage": "2",
          "heritage:operator": "nid",
          "name": "Kościół pw. Przemienienia Pańskiego",
          "name:hu": "Urunk Színeváltozása templom",
          "operator": "Zakon Kleryków Regularnych Ubogich Matki Bożej Szkół Pobożnych (Pijarzy)",
          "ref:nid": "A-30",
          "religion": "christian",
          "wikidata": "Q11745742",
          "wikimedia_commons": "Category:Church of the Transfiguration in Kraków",
          "wikipedia": "pl:Kościół Przemienienia Pańskiego w Krakowie (ul. Pijarska)"
        }
      },
      "geometry": {
        "type": "Point",
        "coordinates": [
          19.9398891,
          50.0649643
        ]
      }
    },
    {
      "type": "Feature",
      "id": "way-153158172",
      "properties": {
        "name": "Dom Jana Matejki",
        "category": "museum",
        "osm_url": "https://www.openstreetmap.org/way/153158172",
        "coordinate_source": "bounds_center",
        "tags": {
          "addr:city": "Kraków",
          "addr:country": "PL",
          "addr:housenumber": "41",
          "addr:postcode": "31-019",
          "addr:street": "Floriańska",
          "building": "museum",
          "building:levels": "4",
          "description:hu": "Jan Matejko (1838–93) lengyel festő",
          "historic": "house",
          "name": "Dom Jana Matejki",
          "name:de": "Jan-Matejko-Haus",
          "name:en": "Matejko House",
          "name:hu": "Jan Matejko-ház",
          "name:pl": "Dom Jana Matejki",
          "tourism": "museum",
          "wikidata": "Q998674",
          "wikimedia_commons": "File:Dom.Jana.Matejki.jpg",
          "wikipedia": "pl:Dom Jana Matejki w Krakowie"
        }
      },
      "geometry": {
        "type": "Point",
        "coordinates": [
          19.9410239,
          50.0638373
        ]
      }
    },
    {
      "type": "Feature",
      "id": "way-153942974",
      "properties": {
        "name": "Teatr im. Juliusza Słowackiego",
        "category": "theatre",
        "osm_url": "https://www.openstreetmap.org/way/153942974",
        "coordinate_source": "bounds_center",
        "tags": {
          "addr:city": "Kraków",
          "addr:housenumber": "1",
          "addr:postcode": "31-023",
          "addr:street": "Plac Świętego Ducha",
          "amenity": "theatre",
          "building": "theatre",
          "building:levels": "5",
          "height": "13",
          "historic": "theatre",
          "name": "Teatr im. Juliusza Słowackiego",
          "name:be": "Тэатр Юліюша Славацкага",
          "name:en": "Juliusz Słowacki Theatre",
          "name:pl": "Teatr im. Juliusza Słowackiego",
          "ref:ckkp": "MA00671",
          "website": "https://teatrwkrakowie.pl/",
          "wikidata": "Q3527492",
          "wikimedia_commons": "File:20110514 Krakow Teatr Slowackiego 9264.jpg",
          "wikipedia": "pl:Teatr im. Juliusza Słowackiego w Krakowie"
        }
      },
      "geometry": {
        "type": "Point",
        "coordinates": [
          19.9430484,
          50.0639462
        ]
      }
    },
    {
      "type": "Feature",
      "id": "way-200358351",
      "properties": {
        "name": "Kościół pw. Świętego Franciszka z Asyżu w Krakowie",
        "category": "place_of_worship",
        "osm_url": "https://www.openstreetmap.org/way/200358351",
        "coordinate_source": "bounds_center",
        "tags": {
          "addr:city": "Kraków",
          "addr:city:simc": "0950463",
          "addr:country": "PL",
          "addr:housenumber": "5",
          "addr:postcode": "31-045",
          "addr:street": "Plac Wszystkich Świętych",
          "addr:street:sym_ul": "53033",
          "alt_name": "Kościół pw. Świętego Franciszka z Asyżu",
          "amenity": "place_of_worship",
          "basilica": "minor",
          "building": "church",
          "building:colour": "#cd5c5c",
          "by:religious_title": "papież Benedykt XV",
          "church:id": "00026",
          "church:type": "rectoral",
          "date:religious_title": "1920-02-23",
          "date:shrine": "C16",
          "deanery": "Dekanat 01 - Kraków Centrum",
          "denomination": "roman_catholic",
          "description": "Ojców Franciszkanów",
          "description:hu": "Ferencesek temploma",
          "diocese": "Archidiecezja krakowska",
          "height": "25",
          "heritage": "2",
          "heritage:operator": "nid",
          "historic": "church",
          "image": "http://commons.wikimedia.org/wiki/File:Krak%C3%B3w_-_Church_of_St._Francis_01.JPG",
          "loc_name": "Kościół Franciszkanów",
          "mobile": "+48 601 423 643",
          "name": "Bazylika Świętego Franciszka z Asyżu",
          "name:de": "Franziskanerkirche",
          "name:en": "Franciscan Church",
          "name:es": "Basílica de los Franciscanos",
          "name:hu": "Assisi Szent Ferenc templom",
          "name:pl": "Kościół pw. Świętego Franciszka z Asyżu w Krakowie",
          "name:ru": "Костёл Святого Франциска Ассизского",
          "operator": "Franciszkanie Konwentualni (OFMConv)",
          "operator:wikidata": "Q692799",
          "operator:wikipedia": "pl:Zakon Braci Mniejszych Konwentualnych",
          "parish": "Parafia Wszystkich Świętych w Krakowie",
          "parish:wikidata": "Q11806611",
          "parish:wikipedia": "pl:Parafia Wszystkich Świętych w Krakowie (Stare Miasto)",
          "ref:nid": "A-22",
          "religion": "christian",
          "religious_title": "Bazylika Mniejsza",
          "roof:material": "copper",
          "shrine": "local",
          "shrine:name": "Sanktuarium Matki Bożej Bolesnej",
          "shrine:object": "obraz Matki Bożej Bolesnej",
          "shrine:type": "mary",
          "source": "Knowledge, Geoportal",
          "website": "https://www.franciszkanska.pl/",
          "wikidata": "Q1328725",
          "wikimedia_commons": "File:Kraków_-_Church_of_St._Francis_01.JPG",
          "wikipedia": "pl:Bazylika św. Franciszka z Asyżu w Krakowie"
        }
      },
      "geometry": {
        "type": "Point",
        "coordinates": [
          19.9360998,
          50.0592146
        ]
      }
    },
    {
      "type": "Feature",
      "id": "way-200499484",
      "properties": {
        "name": "Arsenał Miejski",
        "category": "historic",
        "osm_url": "https://www.openstreetmap.org/way/200499484",
        "coordinate_source": "bounds_center",
        "tags": {
          "building": "yes",
          "castle_type": "fortress",
          "historic": "castle",
          "name": "Arsenał Miejski",
          "name:de": "Arsenal",
          "name:hu": "Városi Fegyvertár",
          "name:pl": "Arsenał Miejski",
          "wikidata": "Q9160342",
          "wikimedia_commons": "Category:Arsenal in Kraków",
          "wikipedia": "pl:Arsenał Miejski w Krakowie"
        }
      },
      "geometry": {
        "type": "Point",
        "coordinates": [
          19.9403391,
          50.0651236
        ]
      }
    },
    {
      "type": "Feature",
      "id": "way-201589921",
      "properties": {
        "name": "Kościół pw. Świętego Idziego",
        "category": "place_of_worship",
        "osm_url": "https://www.openstreetmap.org/way/201589921",
        "coordinate_source": "bounds_center",
        "tags": {
          "addr:city": "Kraków",
          "amenity": "place_of_worship",
          "building": "church",
          "check_date": "2026-07-18",
          "church:type": "monastic",
          "denomination": "roman_catholic",
          "diocese": "Archidiecezja krakowska",
          "heritage": "2",
          "heritage:operator": "nid",
          "image": "http://commons.wikimedia.org/wiki/File:Ko%C5%9Bci%C3%B3%C5%82_%C5%9Bw._Idziego,_Krak%C3%B3w,_2010.JPG",
          "name": "Kościół pw. Świętego Idziego",
          "name:hu": "Szent Egyed templom",
          "name:pl": "Kościół pw. Świętego Idziego",
          "operator": "Zakon Kaznodziejski",
          "ref:nid": "A-76",
          "religion": "christian",
          "url": "http://www.diecezja.pl/parafie/lista-parafii/krakow-centrum/parafia-wszystkich-swietych.html",
          "wikidata": "Q11746700",
          "wikimedia_commons": "Category:St. Giles' church in Kraków",
          "wikipedia": "pl:Kościół św. Idziego w Krakowie"
        }
      },
      "geometry": {
        "type": "Point",
        "coordinates": [
          19.9381724,
          50.0551837
        ]
      }
    },
    {
      "type": "Feature",
      "id": "way-203495624",
      "properties": {
        "name": "Bazylika Nawiedzenia Najświętszej Maryi Panny",
        "category": "place_of_worship",
        "osm_url": "https://www.openstreetmap.org/way/203495624",
        "coordinate_source": "bounds_center",
        "tags": {
          "addr:city": "Kraków",
          "addr:city:simc": "0950463",
          "addr:country": "PL",
          "addr:housenumber": "19",
          "addr:postcode": "31-131",
          "addr:street": "Karmelicka",
          "addr:street:sym_ul": "08061",
          "alt_name": "Kościół pw. Nawiedzenia Najświętszej Maryi Panny",
          "amenity": "place_of_worship",
          "building": "church",
          "by:religious_title": "papież Jan Paweł II",
          "church:id": "11198",
          "church:type": "parish",
          "consecrated": "yes",
          "date:consecrated": "~1412",
          "date:religious_title": "1997",
          "date:shrine": "C16",
          "deanery": "Dekanat 01 - Kraków Centrum",
          "denomination": "roman_catholic",
          "diocese": "Archidiecezja krakowska",
          "email": "parafia@karmelici.pl",
          "heritage": "2",
          "heritage:operator": "nid",
          "historic": "church",
          "image": "https://commons.wikimedia.org/wiki/File:Krak%C3%B3w_-_Bazylika_o._Karmelit%C3%B3w.jpg",
          "loc_name": "Kościół Karmelitów",
          "name": "Bazylika Nawiedzenia Najświętszej Maryi Panny",
          "name:hu": "Szűz Mária Látogatása templom",
          "operator": "Karmelici (OC)",
          "operator:wikidata": "Q186277",
          "operator:wikipedia": "pl:Karmelici",
          "parish": "Parafia Nawiedzenia Najświętszej Maryi Panny w Krakowie",
          "parish:wikidata": "Q11805416",
          "parish:wikipedia": "pl:Parafia Nawiedzenia Najświętszej Maryi Panny w Krakowie (Stare Miasto)",
          "phone": "+48 12 632 11 73",
          "ref:nid": "A-84",
          "religion": "christian",
          "religious_title": "Bazylika Mniejsza",
          "service_times": "Su 06:00,07:30,09:00,10:00,11:00,12:00,13:00,16:30,19:00; Mo-Sa 06:00,07:00,08:00,09:00,12:00,16:30,19:00; Nov-Mar Mo-Sa 06:30,07:30",
          "shrine": "local",
          "shrine:name": "Sanktuarium Matki Boskiej Piaskowej",
          "shrine:object": "fresk Matki Bożej Piaskowej",
          "shrine:type": "mary",
          "start_date": "late C14",
          "website": "https://krakow.karmelici.pl",
          "wheelchair": "limited",
          "wikidata": "Q5118073",
          "wikimedia_commons": "File:Kraków_-_Bazylika_o._Karmelitów.jpg",
          "wikipedia": "pl:Bazylika Nawiedzenia Najświętszej Maryi Panny w Krakowie (Na Piasku)"
        }
      },
      "geometry": {
        "type": "Point",
        "coordinates": [
          19.931944,
          50.0651407
        ]
      }
    },
    {
      "type": "Feature",
      "id": "way-203500513",
      "properties": {
        "name": "Kościół Zwiastowania Najświętszej Maryi Panny",
        "category": "place_of_worship",
        "osm_url": "https://www.openstreetmap.org/way/203500513",
        "coordinate_source": "bounds_center",
        "tags": {
          "addr:city": "Kraków",
          "addr:country": "PL",
          "addr:housenumber": "11",
          "addr:street": "Loretańska",
          "amenity": "place_of_worship",
          "building": "church",
          "denomination": "roman_catholic",
          "heritage": "2",
          "heritage:operator": "nid",
          "historic": "church",
          "image": "http://commons.wikimedia.org/wiki/File:Church_of_the_Annunciation_in_Krak%C3%B3w_02.JPG",
          "loc_name": "Kościół Kapucynów",
          "name": "Kościół Zwiastowania Najświętszej Maryi Panny",
          "name:hu": "Angyali Üdvözlet templom",
          "operator": "Zakon Braci Mniejszych Kapucynów",
          "ref:nid": "A-83",
          "religion": "christian",
          "wikidata": "Q11746004",
          "wikipedia": "pl:Kościół Zwiastowania Najświętszej Maryi Panny w Krakowie"
        }
      },
      "geometry": {
        "type": "Point",
        "coordinates": [
          19.9299656,
          50.061966
        ]
      }
    },
    {
      "type": "Feature",
      "id": "way-203560726",
      "properties": {
        "name": "Kościół pw. Niepokalanego Poczęcia Najświętszej Maryi Panny",
        "category": "place_of_worship",
        "osm_url": "https://www.openstreetmap.org/way/203560726",
        "coordinate_source": "bounds_center",
        "tags": {
          "addr:city": "Kraków",
          "addr:country": "PL",
          "addr:district": "Stare Miasto",
          "addr:housenumber": "18",
          "addr:postcode": "31-510",
          "addr:street": "Rakowicka",
          "addr:subdistrict": "Warszawskie",
          "alt_name": "Kościół Karmelitów Bosych",
          "amenity": "place_of_worship",
          "building": "church",
          "denomination": "roman_catholic",
          "diocese": "Archidiecezja krakowska",
          "height": "23",
          "historic": "church",
          "image": "http://commons.wikimedia.org/wiki/File:Immaculate_Conception_Church,_18_Rakowicka_street,_Krakow,_Poland.jpg",
          "name": "Kościół pw. Niepokalanego Poczęcia Najświętszej Maryi Panny",
          "name:hu": "Szűz Mária Szeplőtelen Fogantatása templom",
          "operator": "Zakon Braci Bosych Najświętszej Maryi Panny z Góry Karmel (Karmelici Bosi)",
          "religion": "christian",
          "roof:height": "7",
          "roof:shape": "gabled",
          "wikidata": "Q11745609",
          "wikipedia": "pl:Kościół Niepokalanego Poczęcia Najświętszej Maryi Panny w Krakowie (ul. Rakowicka)"
        }
      },
      "geometry": {
        "type": "Point",
        "coordinates": [
          19.9523471,
          50.0685493
        ]
      }
    },
    {
      "type": "Feature",
      "id": "way-23256528",
      "properties": {
        "name": "Sukiennice",
        "category": "historic",
        "osm_url": "https://www.openstreetmap.org/way/23256528",
        "coordinate_source": "bounds_center",
        "tags": {
          "addr:city": "Kraków",
          "addr:country": "PL",
          "addr:housenumber": "3",
          "addr:postcode": "31-042",
          "addr:street": "Rynek Główny",
          "building": "public",
          "building:colour": "#ffe4c4",
          "building:material": "plaster",
          "heritage": "2",
          "heritage:operator": "nid",
          "name": "Sukiennice",
          "name:de": "Tuchhallen",
          "name:en": "Cloth Hall",
          "name:hu": "Posztócsarnok",
          "name:it": "Palazzo del tessuto",
          "name:ko": "수키엔니체",
          "name:pl": "Sukiennice",
          "name:ru": "Суконные ряды",
          "name:uk": "Суконні ряди",
          "name:zh": "紡織會館",
          "ref:ckkp": "MA00408",
          "ref:nid": "A-10",
          "roof:material": "copper",
          "tourism": "attraction",
          "wheelchair": "yes",
          "wikidata": "Q1072350",
          "wikipedia": "pl:Sukiennice w Krakowie"
        }
      },
      "geometry": {
        "type": "Point",
        "coordinates": [
          19.9373615,
          50.0617002
        ]
      }
    },
    {
      "type": "Feature",
      "id": "way-233092298",
      "properties": {
        "name": "Dawny Hotel \"Cracovia\"",
        "category": "museum",
        "osm_url": "https://www.openstreetmap.org/way/233092298",
        "coordinate_source": "bounds_center",
        "tags": {
          "addr:city": "Kraków",
          "addr:country": "PL",
          "addr:housenumber": "1",
          "addr:postcode": "30-111",
          "addr:street": "Aleja Marszałka Ferdinanda Focha",
          "building": "yes",
          "name": "Dawny Hotel \"Cracovia\"",
          "operator": "Muzeum Narodowe w Krakowie",
          "tourism": "museum",
          "wikidata": "Q11710137",
          "wikipedia": "pl:Hotel „Cracovia”"
        }
      },
      "geometry": {
        "type": "Point",
        "coordinates": [
          19.923954,
          50.0584942
        ]
      }
    },
    {
      "type": "Feature",
      "id": "way-233355237",
      "properties": {
        "name": "Kościół pw. Świętego Szczepana",
        "category": "place_of_worship",
        "osm_url": "https://www.openstreetmap.org/way/233355237",
        "coordinate_source": "bounds_center",
        "tags": {
          "addr:city": "Kraków",
          "addr:city:simc": "0950463",
          "addr:country": "PL",
          "addr:housenumber": "17",
          "addr:postcode": "30-033",
          "addr:street": "Henryka Sienkiewicza",
          "addr:street:sym_ul": "19834",
          "amenity": "place_of_worship",
          "building": "church",
          "church:id": "10302",
          "church:type": "parish",
          "date:shrine": "C16..C17",
          "deanery": "Dekanat 04 - Kraków Bronowice",
          "denomination": "roman_catholic",
          "description:hu": "Szent István vértanú (nem a magyar Szent István király) temploma",
          "diocese": "Archidiecezja krakowska",
          "email": "swszczepan.krakow@interia.pl",
          "end_date": "1938",
          "fax": "+48 12 632 28 92",
          "heritage": "2",
          "heritage:operator": "nid",
          "heritage:website": "https://zabytek.pl/pl/obiekty/g-243388",
          "image": "http://commons.wikimedia.org/wiki/File:St_Stephen_face2.jpg",
          "name": "Kościół pw. Świętego Szczepana",
          "name:de": "Stephanskirche",
          "name:hu": "Szent István templom",
          "nid:inscription_date": "1984-05-03",
          "operator:wikipedia": "pl:Parafia św. Szczepana w Krakowie",
          "parish": "Parafia św. Szczepana w Krakowie",
          "parish:wikidata": "Q11810693",
          "parish:wikipedia": "pl:Parafia św. Szczepana w Krakowie",
          "ref:nid": "A-653",
          "religion": "christian",
          "service_times": "Su 07:30,09:30,11:00,12:30,14:00,18:00,19:30; Mo-Sa 06:30,08:00,18:00; Nov-Mar Su 07:00,08:30",
          "shrine": "local",
          "shrine:name": "Sanktuarium Matki Bożej Pocieszenia",
          "shrine:object": "obraz Matki Bożej Pocieszenia",
          "shrine:type": "mary",
          "source:addr": "emuia.gugik.gov.pl",
          "source:building": "EGiB",
          "start_date": "1933",
          "url": "http://www.diecezja.pl/parafie/lista-parafii/4-krakow---bronowice/parafia-sw-szczepana.html",
          "website": "http://www.swszczepan.org",
          "wikidata": "Q11747484",
          "wikimedia_commons": "Category:Church of St. Stephen in Kraków",
          "wikipedia": "pl:Kościół św. Szczepana w Krakowie"
        }
      },
      "geometry": {
        "type": "Point",
        "coordinates": [
          19.927118,
          50.0716297
        ]
      }
    },
    {
      "type": "Feature",
      "id": "way-233371578",
      "properties": {
        "name": "Muzeum Sztuki i Techniki Japońskiej Manggha",
        "category": "museum",
        "osm_url": "https://www.openstreetmap.org/way/233371578",
        "coordinate_source": "bounds_center",
        "tags": {
          "addr:city": "Kraków",
          "addr:country": "PL",
          "addr:housenumber": "26",
          "addr:postcode": "30-302",
          "addr:street": "Marii Konopnickiej",
          "building": "civic",
          "building:levels": "1.5",
          "building:part": "yes",
          "contact:website": "https://manggha.pl",
          "fee": "yes",
          "fee:conditional": "no @ Tu",
          "name": "Muzeum Sztuki i Techniki Japońskiej Manggha",
          "name:hu": "Manggha Japán Művészeti és Technológiai Múzeum",
          "source:fee": "https://manggha.pl/informacje-praktyczne",
          "tourism": "museum",
          "wikidata": "Q572206",
          "wikipedia": "pl:Muzeum Sztuki i Techniki Japońskiej „Manggha”"
        }
      },
      "geometry": {
        "type": "Point",
        "coordinates": [
          19.931658,
          50.0508748
        ]
      }
    },
    {
      "type": "Feature",
      "id": "way-233373069",
      "properties": {
        "name": "Kaplica pw. Świętego Piotra i Świętego Pawła",
        "category": "place_of_worship",
        "osm_url": "https://www.openstreetmap.org/way/233373069",
        "coordinate_source": "bounds_center",
        "tags": {
          "addr:city": "Kraków",
          "addr:housenumber": "13",
          "addr:postcode": "30-303",
          "addr:street": "Antoniego Józefa Madalińskiego",
          "amenity": "place_of_worship",
          "building": "chapel",
          "check_date": "2024-11-08",
          "church:type": "filial",
          "deanery": "Dekanat Kraków-Centrum",
          "denomination": "roman_catholic",
          "diocese": "Archidiecezja krakowska",
          "heritage": "2",
          "heritage:operator": "nid",
          "name": "Kaplica pw. Świętego Piotra i Świętego Pawła",
          "name:hu": "Szent Péter és Szent Pál kápolna",
          "parish": "Parafia pw. Wszystkich Świętych w Krakowie (Stare Miasto)",
          "ref:nid": "A-1459/M z 12 października 2016",
          "religion": "christian",
          "wheelchair": "limited",
          "wikidata": "Q11735296",
          "wikipedia": "pl:Kaplica św. Piotra i św. Pawła w Krakowie"
        }
      },
      "geometry": {
        "type": "Point",
        "coordinates": [
          19.9279444,
          50.0522924
        ]
      }
    },
    {
      "type": "Feature",
      "id": "way-243432610",
      "properties": {
        "name": "Bazylika Przenajświętszej Trójcy",
        "category": "place_of_worship",
        "osm_url": "https://www.openstreetmap.org/way/243432610",
        "coordinate_source": "bounds_center",
        "tags": {
          "addr:city": "Kraków",
          "addr:city:simc": "0950463",
          "addr:country": "PL",
          "addr:housenumber": "12",
          "addr:postcode": "31-045",
          "addr:street": "Stolarska",
          "addr:street:sym_ul": "21231",
          "alt_name": "Kościół pw. Świętej Trójcy",
          "amenity": "place_of_worship",
          "building": "church",
          "by:religious_title": "papież Pius XII",
          "church:id": "00013",
          "church:type": "monastic",
          "date:religious_title": "1957",
          "date:shrine": "C16",
          "deanery": "Dekanat 01 - Kraków Centrum",
          "denomination": "roman_catholic",
          "description": "Ojców Dominikanów",
          "description:hu": "Domonkosok temploma",
          "diocese": "Archidiecezja krakowska",
          "heritage": "2",
          "heritage:operator": "nid",
          "historic": "church",
          "loc_name": "Kościół Dominikanów w Krakowie",
          "name": "Bazylika Przenajświętszej Trójcy",
          "name:hu": "Szentháromság templom",
          "operator": "Zakon dominikanów",
          "parish": "Parafia Wniebowzięcia Najświętszej Maryi Panny w Krakowie",
          "parish:wikidata": "Q11806384",
          "parish:wikipedia": "pl:Parafia Wniebowzięcia Najświętszej Maryi Panny w Krakowie",
          "ref:nid": "L.AK-1-92-3",
          "religion": "christian",
          "religious_title": "Bazylika Mniejsza",
          "shrine": "local",
          "shrine:name": "Sanktuarium Matki Bożej Śnieżnej",
          "shrine:object": "obraz Matki Bożej Śnieżnej",
          "shrine:type": "mary",
          "start_date": "C13",
          "website": "https://krakow.dominikanie.pl/",
          "wheelchair": "yes",
          "wikidata": "Q1237964",
          "wikimedia_commons": "File:Church_of_Holy_Trinity,_12_Stolarska_street,_Old_Town,Krakow,_Poland.jpg",
          "wikipedia": "pl:Kościół Świętej Trójcy w Krakowie (ul. Stolarska)"
        }
      },
      "geometry": {
        "type": "Point",
        "coordinates": [
          19.9395486,
          50.0592969
        ]
      }
    },
    {
      "type": "Feature",
      "id": "way-25122842",
      "properties": {
        "name": "Wieża Ratuszowa",
        "category": "museum",
        "osm_url": "https://www.openstreetmap.org/way/25122842",
        "coordinate_source": "bounds_center",
        "tags": {
          "addr:city": "Kraków",
          "addr:housenumber": "1",
          "addr:postcode": "31-001",
          "addr:street": "Rynek Główny",
          "building": "public",
          "building:colour": "#b22222",
          "building:material": "brick",
          "building:use": "museum",
          "fee": "yes",
          "fee:conditional": "no @ Mo",
          "height": "40",
          "historic": "tower",
          "internet_access": "wlan",
          "museum": "history",
          "name": "Wieża Ratuszowa",
          "name:be": "Ратушная вежа",
          "name:cs": "Radniční věž",
          "name:de": "Krakauer Rathausturm",
          "name:en": "Town Hall Tower",
          "name:es": "Torre del Ayuntamiento",
          "name:hu": "Városháza tornya",
          "name:it": "Torre del Municipio",
          "name:ko": "라투슈초바 탑",
          "name:pl": "Wieża Ratuszowa",
          "name:ru": "Ратушная башня",
          "name:uk": "Вежа ратуші",
          "name:zh": "市政廳鐘樓",
          "opening_hours": "Mo 11:00-15:00; Tu-Su 11:00-18:00",
          "operator": "Muzeum Krakowa",
          "operator:type": "public",
          "roof:material": "copper",
          "roof:shape": "flat",
          "tourism": "museum",
          "website": "https://muzeumkrakowa.pl/oddzialy/wieza-ratuszowa",
          "wheelchair": "no",
          "wikidata": "Q1786361",
          "wikipedia": "pl:Wieża ratuszowa w Krakowie"
        }
      },
      "geometry": {
        "type": "Point",
        "coordinates": [
          19.9364146,
          50.0614744
        ]
      }
    },
    {
      "type": "Feature",
      "id": "way-25516598",
      "properties": {
        "name": "Brama Wazów",
        "category": "historic",
        "osm_url": "https://www.openstreetmap.org/way/25516598",
        "coordinate_source": "bounds_center",
        "tags": {
          "building": "yes",
          "building:levels": "3",
          "historic": "city_gate",
          "name": "Brama Wazów",
          "name:de": "Wasastor",
          "name:hu": "Vasa-kapu",
          "name:pl": "Brama Wazów",
          "name:ru": "Ворота Вазов",
          "wikidata": "Q11688753",
          "wikipedia": "pl:Brama Wazów na Wawelu"
        }
      },
      "geometry": {
        "type": "Point",
        "coordinates": [
          19.9348187,
          50.0547706
        ]
      }
    },
    {
      "type": "Feature",
      "id": "way-26195267",
      "properties": {
        "name": "Bazylika Wniebowzięcia Najświętszej Maryi Panny",
        "category": "place_of_worship",
        "osm_url": "https://www.openstreetmap.org/way/26195267",
        "coordinate_source": "bounds_center",
        "tags": {
          "addr:city": "Kraków",
          "addr:city:simc": "0950463",
          "addr:country": "PL",
          "addr:housenumber": "5",
          "addr:postcode": "31-042",
          "addr:street": "Plac Mariacki",
          "addr:street:sym_ul": "45908",
          "alt_name": "Kościół pw. Wniebowzięcia Najświętszej Maryi Panny",
          "amenity": "place_of_worship",
          "audio": "File:Hejnał Gniezna.ogg",
          "basilica": "minor",
          "building": "church",
          "building:colour": "#cd5c5c",
          "building:material": "brick",
          "by:religious_title": "papież Jan XXIII",
          "church:id": "11996",
          "church:type": "parish",
          "date:religious_title": "1962",
          "date:shrine": "1638",
          "deanery": "Dekanat 01 - Kraków Centrum",
          "denomination": "roman_catholic",
          "diocese": "Archidiecezja krakowska",
          "email": "biuro@mariacki.com",
          "heritage": "2",
          "heritage:operator": "nid",
          "historic": "church",
          "loc_name": "Bazylika Mariacka",
          "name": "Bazylika Wniebowzięcia Najświętszej Maryi Panny",
          "name:be": "Касцёл Унебаўзняцця Найсвяцейшай Панны Марыі",
          "name:de": "Marienbasilika",
          "name:en": "St. Mary's Basilica",
          "name:es": "Iglesia de Santa María",
          "name:et": "Krakówi Maria kirik",
          "name:fa": "کلیسای جامع سنت ماری",
          "name:fr": "Basilique Sainte-Marie",
          "name:hu": "Mária Mennybevétele templom",
          "name:it": "Basilica di Santa Maria",
          "name:ko": "성모 승천 대성당",
          "name:lt": "Krokuvos Šv. Marijos bazilika",
          "name:pl": "Bazylika Wniebowzięcia Najświętszej Maryi Panny",
          "name:ru": "Мариацкий костёл",
          "name:uk": "Церква Успіння Пресвятої Богородиці",
          "name:zh": "聖母聖殿",
          "opening_hours": "Mo-Sa 11:30-18:00; Su 14:00-18:00",
          "parish": "Parafia Wniebowzięcia Najświętszej Maryi Panny w Krakowie",
          "parish:wikidata": "Q11806384",
          "parish:wikipedia": "pl:Parafia Wniebowzięcia Najświętszej Maryi Panny w Krakowie",
          "phone": "+48 12 422 05 21",
          "ref:ckkp": "MA00283",
          "ref:nid": "A-3;A-178/M",
          "religion": "christian",
          "religious_title": "Bazylika Mniejsza",
          "service_times": "Su 06:00,07:00,08:00,09:00,10:00,11:15,12:00,13:00,18:30,20:00; Mo-Sa 06:00,07:00,08:00,09:00,10:00,11:00; Nov-Mar Mo-Sa 06:30,07:30,08:30,09:30,10:30,18:30",
          "short_name": "Kościół Mariacki",
          "shrine": "local",
          "shrine:name": "Sanktuarium Matki Bożej Częstochowskiej",
          "shrine:object": "obraz Matki Bożej Częstochowskiej (kopia)",
          "shrine:type": "mary",
          "start_date": "1223",
          "tourism": "attraction",
          "url": "http://www.diecezja.pl/parafie/lista-parafii/krakow-centrum/parafia-wniebowziecia-nmp.html",
          "website": "https://mariacki.com",
          "wheelchair": "yes",
          "wikidata": "Q1143171",
          "wikimedia_commons": "File:Kosciol_mariacki_krakow.jpg",
          "wikipedia": "pl:Kościół archiprezbiterialny Wniebowzięcia Najświętszej Marii Panny w Krakowie"
        }
      },
      "geometry": {
        "type": "Point",
        "coordinates": [
          19.93945,
          50.0616572
        ]
      }
    },
    {
      "type": "Feature",
      "id": "way-263169972",
      "properties": {
        "name": "Pałac Biskupi",
        "category": "historic",
        "osm_url": "https://www.openstreetmap.org/way/263169972",
        "coordinate_source": "bounds_center",
        "tags": {
          "addr:city": "Kraków",
          "addr:country": "PL",
          "addr:housenumber": "3",
          "addr:street": "Franciszkańska",
          "building": "residential",
          "building:levels": "3",
          "castle_type": "palace",
          "denomination": "roman_catholic",
          "historic": "castle",
          "image": "http://commons.wikimedia.org/wiki/File:Krak%C3%B3w_-_Bishops_Palace_01.JPG",
          "name": "Pałac Biskupi",
          "name:en": "Episcopal Palace",
          "name:zh": "主教宫",
          "religion": "christian",
          "wikidata": "Q616675",
          "wikipedia": "pl:Pałac Biskupi w Krakowie"
        }
      },
      "geometry": {
        "type": "Point",
        "coordinates": [
          19.9351798,
          50.0598415
        ]
      }
    },
    {
      "type": "Feature",
      "id": "way-29246492",
      "properties": {
        "name": "Bazylika Świętego Floriana",
        "category": "place_of_worship",
        "osm_url": "https://www.openstreetmap.org/way/29246492",
        "coordinate_source": "bounds_center",
        "tags": {
          "addr:city": "Kraków",
          "addr:housenumber": "1b",
          "addr:postcode": "31-155",
          "addr:street": "Warszawska",
          "alt_name": "Bazylika kolegiacka pw. Świętego Floriana",
          "amenity": "place_of_worship",
          "basilica": "minor",
          "building": "church",
          "by:religious_title": "papież Jan Paweł II",
          "church:type": "parish",
          "date:religious_title": "1999",
          "deanery": "Dekanat Kraków-Centrum",
          "denomination": "roman_catholic",
          "diocese": "Archidiecezja krakowska",
          "heritage": "2",
          "heritage:operator": "nid",
          "historic": "church",
          "name": "Bazylika Świętego Floriana",
          "name:hu": "Szent Flórián templom",
          "parish": "Parafia św. Floriana",
          "ref:nid": "A-74",
          "religion": "christian",
          "religious_title": "Bazylika Mniejsza",
          "url": "http://www.diecezja.pl/parafie/lista-parafii/krakow-centrum/parafia-sw-floriana.html",
          "website": "https://www.swflorian.net/",
          "wikidata": "Q3394795",
          "wikimedia_commons": "File:Krakow Saint Florian church 20060706 1646.jpg",
          "wikipedia": "pl:Kościół św. Floriana w Krakowie"
        }
      },
      "geometry": {
        "type": "Point",
        "coordinates": [
          19.9432758,
          50.0675436
        ]
      }
    },
    {
      "type": "Feature",
      "id": "way-29271073",
      "properties": {
        "name": "Kościół pw. Świętego Andrzeja",
        "category": "place_of_worship",
        "osm_url": "https://www.openstreetmap.org/way/29271073",
        "coordinate_source": "bounds_center",
        "tags": {
          "addr:city": "Kraków",
          "addr:housenumber": "54",
          "addr:postcode": "31-155",
          "addr:street": "Grodzka",
          "amenity": "place_of_worship",
          "building": "church",
          "building:architecture": "romanesque",
          "check_date": "2024-08-23",
          "church:type": "monastic",
          "denomination": "roman_catholic",
          "diocese": "Archidiecezja krakowska",
          "heritage": "2",
          "heritage:operator": "nid",
          "image": "http://commons.wikimedia.org/wiki/File:Krak%C3%B3w,_St._Andrew.JPG",
          "name": "Kościół pw. Świętego Andrzeja",
          "name:en": "Church of Saint Andrew",
          "name:es": "Iglesia de San Andrés",
          "name:hu": "Szent András templom",
          "operator": "Zakon Świętej Klary",
          "parish": "Parish pw. Świętego Andrzeja",
          "ref:nid": "A-26",
          "religion": "christian",
          "source": "Bing, Knowledge",
          "start_date": "1098",
          "url": "http://www.diecezja.pl/parafie/lista-parafii/krakow-centrum/parafia-wszystkich-swietych.html",
          "wheelchair": "no",
          "wikidata": "Q1195738",
          "wikipedia": "pl:Kościół św. Andrzeja w Krakowie"
        }
      },
      "geometry": {
        "type": "Point",
        "coordinates": [
          19.9384286,
          50.0565972
        ]
      }
    },
    {
      "type": "Feature",
      "id": "way-29271113",
      "properties": {
        "name": "Kościół pw. Świętego Wojciecha Biskupa i Męczennika",
        "category": "place_of_worship",
        "osm_url": "https://www.openstreetmap.org/way/29271113",
        "coordinate_source": "bounds_center",
        "tags": {
          "amenity": "place_of_worship",
          "building": "church",
          "building:colour": "silver",
          "denomination": "roman_catholic",
          "diocese": "Archidiecezja krakowska",
          "heritage": "2",
          "heritage:operator": "nid",
          "historic": "church",
          "image": "http://commons.wikimedia.org/wiki/File:Church_of_St_Adalbert,_2_Main_Market_square,Old_Town,Krakow,Poland.jpg",
          "name": "Kościół pw. Świętego Wojciecha Biskupa i Męczennika",
          "name:be": "Касцёл Святога Войцеха",
          "name:en": "St. Adalbert's church",
          "name:es": "Iglesia de San Adalberto",
          "name:hu": "Prágai Szent Adalbert templom",
          "name:ko": "성 보치에하 성당",
          "opening_hours": "Mo-Sa 09:00-17:00; Su 13:30-18:00",
          "ref:nid": "A-79;A-208/M",
          "religion": "christian",
          "roof:material": "copper",
          "service_times": "08:00; Tu 15:30; Su 10:30,12:15",
          "source": "Bing, Knowledge",
          "tourism": "attraction",
          "url": "http://www.diecezja.pl/parafie/lista-parafii/krakow-centrum/kosciolsw-wojciecha-bm.html",
          "website": "http://www.kosciolwojciecha.pl/",
          "wikidata": "Q898260",
          "wikipedia": "pl:Kościół św. Wojciecha w Krakowie (Rynek Główny)"
        }
      },
      "geometry": {
        "type": "Point",
        "coordinates": [
          19.9377429,
          50.060888
        ]
      }
    },
    {
      "type": "Feature",
      "id": "way-29327540",
      "properties": {
        "name": "Kościół pw. Niepokalanego Serca Najświętszej Marii Panny",
        "category": "place_of_worship",
        "osm_url": "https://www.openstreetmap.org/way/29327540",
        "coordinate_source": "bounds_center",
        "tags": {
          "addr:city": "Kraków",
          "addr:country": "PL",
          "addr:housenumber": "6",
          "addr:postcode": "31-107",
          "addr:street": "Smoleńsk",
          "amenity": "place_of_worship",
          "building": "church",
          "church:type": "monastic",
          "denomination": "roman_catholic",
          "diocese": "Archidiecezja krakowska",
          "historic": "church",
          "image": "http://commons.wikimedia.org/wiki/File:Ko%C5%9Bci%C3%B3%C5%82_Niepokalanego_Serca_Naj%C5%9Bwi%C4%99tszej_Maryi_Panny_w_Krakowie_%28ul._Smole%C5%84sk%29_-_front.jpg",
          "name": "Kościół pw. Niepokalanego Serca Najświętszej Marii Panny",
          "name:hu": "Szűz Mária Szeplőtelen Szíve templom",
          "operator": "Zgromadzenie Sióstr św. Feliksa z Kantalicjo",
          "parish": "Parafia pw. Świętej Anny",
          "religion": "christian",
          "wikidata": "Q11745637",
          "wikipedia": "pl:Kościół Niepokalanego Serca Najświętszej Maryi Panny w Krakowie (ul. Smoleńsk)"
        }
      },
      "geometry": {
        "type": "Point",
        "coordinates": [
          19.9308886,
          50.0587517
        ]
      }
    },
    {
      "type": "Feature",
      "id": "way-302622201",
      "properties": {
        "name": "Kościół pw. Świętej Teresy od Jezusa i Świętego Jana od Krzyża",
        "category": "place_of_worship",
        "osm_url": "https://www.openstreetmap.org/way/302622201",
        "coordinate_source": "bounds_center",
        "tags": {
          "amenity": "place_of_worship",
          "building": "church",
          "denomination": "roman_catholic",
          "historic": "church",
          "image": "https://commons.wikimedia.org/wiki/File:Church_of_Saint_Teresa,_Krak%C3%B3w.JPG",
          "name": "Kościół pw. Świętej Teresy od Jezusa i Świętego Jana od Krzyża",
          "name:hu": "Jézusról nevezett Szent Terész és Keresztes Szent János templom",
          "operator": "Karmelitanki Bose",
          "religion": "christian",
          "wikidata": "Q11747496",
          "wikimedia_commons": "Category:Saint Teresa of Ávila church in Kraków",
          "wikipedia": "pl:Kościół św. Teresy od Jezusa i św. Jana od Krzyża w Krakowie"
        }
      },
      "geometry": {
        "type": "Point",
        "coordinates": [
          19.952847,
          50.0636894
        ]
      }
    },
    {
      "type": "Feature",
      "id": "way-304488625",
      "properties": {
        "name": "Cerkiew pw. Podwyższenia Krzyża Świętego",
        "category": "place_of_worship",
        "osm_url": "https://www.openstreetmap.org/way/304488625",
        "coordinate_source": "bounds_center",
        "tags": {
          "addr:city": "Kraków",
          "addr:city:simc": "0950463",
          "addr:housenumber": "11",
          "addr:postcode": "31-007",
          "addr:street": "Wiślna",
          "addr:street:sym_ul": "24404",
          "amenity": "place_of_worship",
          "building": "church",
          "church:id": "11958",
          "church:type": "parish",
          "deanery": "Protoprezbiterat krakowsko-gorlicki",
          "denomination": "roman_catholic",
          "diocese": "Archieparchia przemysko-warszawska",
          "email": "pawliszcze@wp.pl",
          "facebook": "https://www.facebook.com/profile.php?id=100064638733622",
          "heritage": "2",
          "heritage:operator": "nid",
          "historic": "church",
          "image": "https://commons.wikimedia.org/wiki/File:Greek_Catholic_Church_of_St.Norbert,_11_Wislna_street,_Krakow,Poland.jpg",
          "name": "Cerkiew pw. Podwyższenia Krzyża Świętego",
          "nid:inscription_date": "1931-03-25",
          "nid:website": "https://zabytek.pl/pl/obiekty/zabytek?inspire_id=PL.1.9.ZIPOZ.NID_N_12_BK.206033&rejestr=rejestr-zabytkow",
          "old_name": "Kościół św. Norberta",
          "old_name:hu": "Szent Norbert templom",
          "parish": "Parafia greckokatolicka Podwyższenia Krzyża Świętego w Krakowie",
          "parish:wikidata": "Q11805826",
          "parish:wikipedia": "pl:Parafia Podwyższenia Krzyża Świętego w Krakowie (greckokatolicka)",
          "phone": "+48 12 429 28 61",
          "ref:gcatholic": "46591",
          "ref:inspire": "PL.1.9.ZIPOZ.NID_N_12_BK.206033",
          "ref:nid": "A-85",
          "religion": "christian",
          "url": "http://www.diecezja.pl/parafie/lista-parafii/krakow-centrum/parafia-greckokatolicka-podwyzszenia-krzyza-swietego.html",
          "wikidata": "Q9188004",
          "wikimedia_commons": "File:KrakowCerkiew2.JPG",
          "wikipedia": "pl:Cerkiew Podwyższenia Krzyża Świętego w Krakowie"
        }
      },
      "geometry": {
        "type": "Point",
        "coordinates": [
          19.9341766,
          50.0603203
        ]
      }
    },
    {
      "type": "Feature",
      "id": "way-30807865",
      "properties": {
        "name": "Celestat",
        "category": "museum",
        "osm_url": "https://www.openstreetmap.org/way/30807865",
        "coordinate_source": "bounds_center",
        "tags": {
          "addr:city": "Kraków",
          "addr:housenumber": "16",
          "addr:postcode": "31-504",
          "addr:street": "Lubicz",
          "building": "museum",
          "building:levels": "2",
          "description:hu": "A várostörténeti múzeum kiállítóhelye",
          "museum": "history",
          "name": "Celestat",
          "opening_hours": "We-Su 10:00-17:00",
          "operator": "Muzeum Krakowa",
          "operator:type": "public",
          "reservation": "required",
          "tourism": "museum",
          "website": "https://muzeumkrakowa.pl/oddzialy/celestat",
          "wikidata": "Q9185653",
          "wikipedia": "pl:Celestat"
        }
      },
      "geometry": {
        "type": "Point",
        "coordinates": [
          19.9493704,
          50.0654484
        ]
      }
    },
    {
      "type": "Feature",
      "id": "way-33291026",
      "properties": {
        "name": "Bazylika Świętego Michała Archanioła i Świętego Stanisława Biskupa",
        "category": "place_of_worship",
        "osm_url": "https://www.openstreetmap.org/way/33291026",
        "coordinate_source": "bounds_center",
        "tags": {
          "addr:city": "Kraków",
          "addr:housenumber": "15",
          "addr:postcode": "31-064",
          "addr:street": "Skałeczna",
          "alt_name": "Kościół pw. Świętego Michała Archanioła i Świętego Stanislawa Biskupa",
          "amenity": "place_of_worship",
          "building": "church",
          "by:religious_title": "papież Jan Paweł II",
          "church:type": "parish",
          "date:religious_title": "2004-02-22",
          "deanery": "Dekanat Kraków-Kazimierz",
          "denomination": "roman_catholic",
          "diocese": "Archidiecezja krakowska",
          "heritage": "2",
          "heritage:operator": "nid",
          "historic": "church",
          "loc_name": "Kościół na Skałce",
          "name": "Bazylika Świętego Michała Archanioła i Świętego Stanisława Biskupa",
          "name:hu": "Szent Mihály arkangyal és Szent Stanisław püspök templom",
          "name:ru": "Костёл на Скалке",
          "operator": "Zakon Świętego Pawła Pierwszego Pustelnika",
          "ref:ckkp": "MA00819",
          "ref:nid": "A-29",
          "religion": "christian",
          "religious_title": "Bazylika Mniejsza",
          "website": "https://skalka.paulini.pl/",
          "wikidata": "Q1420580",
          "wikimedia_commons": "File:KościółŚwMichałaArchaniołaOrazŚwStanisławaBM-UlicaSkałeczna15-POL, Kraków.jpg",
          "wikipedia": "pl:Bazylika św. Michała Archanioła i św. Stanisława Biskupa w Krakowie"
        }
      },
      "geometry": {
        "type": "Point",
        "coordinates": [
          19.9376352,
          50.0482358
        ]
      }
    },
    {
      "type": "Feature",
      "id": "way-33291029",
      "properties": {
        "name": "Bazylika Bożego Ciała",
        "category": "place_of_worship",
        "osm_url": "https://www.openstreetmap.org/way/33291029",
        "coordinate_source": "bounds_center",
        "tags": {
          "addr:city": "Kraków",
          "addr:housenumber": "26",
          "addr:postcode": "31-059",
          "addr:street": "Bożego Ciała",
          "alt_name": "Kościół Bożego Ciała",
          "amenity": "place_of_worship",
          "basilica": "minor",
          "building": "church",
          "by:religious_title": "papież Jan Paweł II",
          "check_date": "2025-07-24",
          "church:type": "monastic",
          "date:religious_title": "2005",
          "deanery": "Dekanat Kraków Kazimierz",
          "denomination": "roman_catholic",
          "diocese": "Archidiecezja krakowska",
          "heritage": "2",
          "heritage:operator": "nid",
          "historic": "church",
          "image": "http://commons.wikimedia.org/wiki/File:Church_of_Corpus_Christi_in_Krak%C3%B3w_3.jpg",
          "name": "Bazylika Bożego Ciała",
          "name:be": "Касцёл Божага Цела",
          "name:en": "Corpus Christi Church",
          "name:es": "Iglesia de corpus cristina altar espectacular",
          "name:hu": "Krisztus Teste templom",
          "name:ko": "코퍼스 크리스티 성당",
          "name:pl": "Bazylika Bożego Ciała",
          "name:ru": "Базилика Божьего Тела",
          "operator": "Zakon Kanoników Regularnych św. Augustyna (Lateranie)",
          "operator:wikidata": "Q11803027",
          "operator:wikipedia": "pl:Parafia Bożego Ciała w Krakowie",
          "ref:nid": "A-24",
          "religion": "christian",
          "religious_title": "Bazylika Mniejsza",
          "tourism": "attraction",
          "website": "https://bozecialo.net/",
          "website:2": "http://www.diecezja.pl/parafie/lista-parafii/2-krakow---kazimierz/parafia-bozego-ciala.html",
          "wikidata": "Q2084317",
          "wikimedia_commons": "Category:Exterior of the Corpus Christi Church in Kraków",
          "wikipedia": "pl:Bazylika Bożego Ciała w Krakowie"
        }
      },
      "geometry": {
        "type": "Point",
        "coordinates": [
          19.9449767,
          50.0497673
        ]
      }
    },
    {
      "type": "Feature",
      "id": "way-33291034",
      "properties": {
        "name": "Synagoga Remuh",
        "category": "place_of_worship",
        "osm_url": "https://www.openstreetmap.org/way/33291034",
        "coordinate_source": "bounds_center",
        "tags": {
          "amenity": "place_of_worship",
          "building": "synagogue",
          "charge": "15 PLN",
          "denomination": "orthodox",
          "fee": "yes",
          "historic": "building",
          "name": "Synagoga Remuh",
          "name:en": "Remuh Synagogue",
          "name:es": "Sinagoga Remuh",
          "name:hu": "Remuh zsinagóga",
          "payment:cards": "no",
          "payment:cash": "yes",
          "payment:others": "no",
          "phone": "+48 24 256 02 67",
          "ref:ckkp": "MA00638",
          "religion": "jewish",
          "wikidata": "Q3618",
          "wikimedia_commons": "File:Remuh Synagogue, 40 Szeroka street, Kazimierz, Krakow, Poland.jpg",
          "wikipedia": "pl:Synagoga Remu"
        }
      },
      "geometry": {
        "type": "Point",
        "coordinates": [
          19.9472847,
          50.0526539
        ]
      }
    },
    {
      "type": "Feature",
      "id": "way-348252385",
      "properties": {
        "name": "Collegium Śniadeckiego",
        "category": "historic",
        "osm_url": "https://www.openstreetmap.org/way/348252385",
        "coordinate_source": "bounds_center",
        "tags": {
          "addr:city": "Kraków",
          "addr:country": "PL",
          "addr:housenumber": "29",
          "addr:postcode": "31-501",
          "addr:street": "Mikołaja Kopernika",
          "building": "university",
          "building:levels": "3",
          "building:parts": "vertical",
          "castle_type": "palace",
          "heritage": "yes",
          "historic": "castle",
          "name": "Collegium Śniadeckiego",
          "name:en": "Botanic Garden Museum",
          "old_name": "Obserwatorium Astronomiczne UJ",
          "roof:levels": "0",
          "source:name:en": "http://www.ogrod.uj.edu.pl/english",
          "start_date": "1788",
          "wikidata": "Q11691335",
          "wikipedia": "pl:Collegium Śniadeckiego Uniwersytetu Jagiellońskiego"
        }
      },
      "geometry": {
        "type": "Point",
        "coordinates": [
          19.9559412,
          50.0636743
        ]
      }
    },
    {
      "type": "Feature",
      "id": "way-374515883",
      "properties": {
        "name": "Adam Mickiewicz",
        "category": "historic",
        "osm_url": "https://www.openstreetmap.org/way/374515883",
        "coordinate_source": "bounds_center",
        "tags": {
          "artist_name": "Teodor Rygier",
          "height": "10",
          "historic": "memorial",
          "inscription": "Adamowi Mickiewiczowi Naród.",
          "loc_name": "Adaś",
          "material": "metal",
          "memorial": "statue",
          "monument": "statue",
          "name": "Adam Mickiewicz",
          "name:be": "Адам Міцкевіч",
          "name:de": "Adam-Mickiewicz-Denkmal",
          "name:en": "Adam Mickiewicz Monument",
          "name:hu": "Adam Mickiewicz-emlékmű",
          "name:pl": "Adam Mickiewicz",
          "name:ru": "Адам Мицкевич",
          "start_date": "1898",
          "subject:wikidata": "Q79822",
          "subject:wikipedia": "pl:Adam Mickiewicz",
          "wikidata": "Q348381",
          "wikimedia_commons": "File:Kraków - Pomnik Adama Mickiewicza.jpg",
          "wikipedia": "pl:Pomnik Adama Mickiewicza w Krakowie"
        }
      },
      "geometry": {
        "type": "Point",
        "coordinates": [
          19.9379947,
          50.0614679
        ]
      }
    },
    {
      "type": "Feature",
      "id": "way-39243627",
      "properties": {
        "name": "Kościół pw. Świętej Katarzyny Aleksandryjskiej",
        "category": "place_of_worship",
        "osm_url": "https://www.openstreetmap.org/way/39243627",
        "coordinate_source": "bounds_center",
        "tags": {
          "addr:city": "Kraków",
          "addr:city:simc": "0950463",
          "addr:country": "PL",
          "addr:housenumber": "7",
          "addr:postcode": "31-064",
          "addr:street": "Augustiańska",
          "addr:street:sym_ul": "00492",
          "amenity": "place_of_worship",
          "building": "church",
          "church:id": "11979",
          "church:type": "parish",
          "consecrated": "yes",
          "date:consecrated": "1378",
          "date:shrine": "C15..C16",
          "deanery": "Dekanat 02 - Kraków Kazimierz",
          "denomination": "roman_catholic",
          "diocese": "Archidiecezja krakowska",
          "email": "parafia-kazimierz@augustianie.pl",
          "historic": "church",
          "image": "http://commons.wikimedia.org/wiki/File:Krakow_kosciol_sw_Katarzyny_20070930_1522.jpg",
          "name": "Kościół pw. Świętej Katarzyny Aleksandryjskiej",
          "name:hu": "Alexandriai Szent Katalin és Szent Margit templom",
          "operator": "Augustianie (OSA)",
          "operator:wikidata": "Q29075",
          "operator:wikipedia": "pl:Augustianie",
          "parish": "Parafia św. Katarzyny Aleksandryjskiej w Krakowie",
          "parish:wikidata": "Q11809269",
          "parish:wikipedia": "pl:Parafia św. Katarzyny Aleksandryjskiej w Krakowie",
          "phone": "+48 12 430 62 42",
          "ref:ckkp": "MA00939",
          "religion": "christian",
          "service_times": "Su 09:00,11:00,12:15,18:00; Mo-Sa 08:00; Apr-Oct Mo-Sa 07:00,18:00",
          "shrine": "local",
          "shrine:name": "Sanktuarium Matki Bożej Pocieszenia",
          "shrine:object": "fresk Matki Bożej Pocieszenia",
          "shrine:type": "mary",
          "start_date": "1342",
          "website": "https://parafia-kazimierz.augustianie.pl/",
          "website:2": "http://www.diecezja.pl/parafie/lista-parafii/2-krakow---kazimierz/parafia-sw-katarzyny-aleksandryjskiej.html",
          "wikidata": "Q11746976",
          "wikimedia_commons": "File:Krakow_kosciol_sw_Katarzyny_20070930_1522.jpg",
          "wikipedia": "pl:Kościół św. Katarzyny Aleksandryjskiej i św. Małgorzaty w Krakowie"
        }
      },
      "geometry": {
        "type": "Point",
        "coordinates": [
          19.9410364,
          50.0492816
        ]
      }
    },
    {
      "type": "Feature",
      "id": "way-39244262",
      "properties": {
        "name": "Kościół pw. Świętej Agnieszki",
        "category": "place_of_worship",
        "osm_url": "https://www.openstreetmap.org/way/39244262",
        "coordinate_source": "bounds_center",
        "tags": {
          "addr:city": "Kraków",
          "addr:city:simc": "0950463",
          "addr:country": "PL",
          "addr:housenumber": "30",
          "addr:postcode": "31-070",
          "addr:street": "Józefa Dietla",
          "addr:street:sym_ul": "03834",
          "amenity": "place_of_worship",
          "building": "church",
          "church:id": "11962",
          "church:type": "garrison",
          "consecrated": "yes",
          "date:consecrated": "1936",
          "deanery": "Dekanat Wojsk Specjalnych",
          "denomination": "roman_catholic",
          "diocese": "Ordynariat Polowy Wojska Polskiego",
          "heritage": "2",
          "heritage:operator": "nid",
          "historic": "church",
          "image": "http://commons.wikimedia.org/wiki/File:Krak%C3%B3w,_Ko%C5%9Bci%C3%B3%C5%82_%C5%9Bw._Agnieszki_-_fotopolska.eu_%28293217%29.jpg",
          "loc_name": "Kościół Garnizonowy",
          "name": "Kościół pw. Świętej Agnieszki",
          "name:hu": "Szent Ágnes templom",
          "name:pl": "Kościół pw. Świętej Agnieszki",
          "nid:inscription_date": "1935-02-26",
          "nid:website": "https://zabytek.pl/pl/obiekty/zabytek?inspire_id=PL.1.9.ZIPOZ.NID_N_12_BK.205583&rejestr=rejestr-zabytkow",
          "parish": "Parafia wojskowa św. Agnieszki w Krakowie",
          "parish:wikidata": "Q9377469",
          "parish:wikipedia": "pl:Parafia wojskowa św. Agnieszki w Krakowie",
          "ref:gcatholic": "46595",
          "ref:inspire": "PL.1.9.ZIPOZ.NID_N_12_BK.205583",
          "ref:nid": "11/Ka/25/Kr/34",
          "religion": "christian",
          "start_date": "wikidata=Q11746421",
          "website": "http://www.krakow.ordynariat.pl/",
          "website:2": "http://www.diecezja.pl/parafie/lista-parafii/krakow-centrum/wojskowa-parafia-personalna-sw-agnieszki.html",
          "wikidata": "Q11746421",
          "wikimedia_commons": "File:Church_of_Agnes_of_Rome_in_Kraków.jpg",
          "wikipedia": "pl:Kościół św. Agnieszki w Krakowie"
        }
      },
      "geometry": {
        "type": "Point",
        "coordinates": [
          19.9397327,
          50.0512737
        ]
      }
    },
    {
      "type": "Feature",
      "id": "way-39357526",
      "properties": {
        "name": "Pałac Sztuki",
        "category": "museum",
        "osm_url": "https://www.openstreetmap.org/way/39357526",
        "coordinate_source": "bounds_center",
        "tags": {
          "addr:city": "Kraków",
          "addr:country": "PL",
          "addr:housenumber": "4",
          "addr:postcode": "31-011",
          "addr:street": "Plac Szczepański",
          "building": "yes",
          "building:levels": "3",
          "fee": "yes",
          "name": "Pałac Sztuki",
          "name:de": "Palast der Kunst",
          "name:en": "Palace of Art",
          "name:hu": "Művészetek Palotája",
          "name:pl": "Pałac Sztuki",
          "name:uk": "Палац мистецтв",
          "opening_hours": "Mo-Fr 08:15-18:00; Sa-Su 10:00-18:00",
          "roof:shape": "hipped",
          "tourism": "museum",
          "wikidata": "Q11814864",
          "wikipedia": "pl:Pałac Sztuki w Krakowie"
        }
      },
      "geometry": {
        "type": "Point",
        "coordinates": [
          19.9349049,
          50.0639952
        ]
      }
    },
    {
      "type": "Feature",
      "id": "way-39357528",
      "properties": {
        "name": "Kościół pw. Świętego Marka",
        "category": "place_of_worship",
        "osm_url": "https://www.openstreetmap.org/way/39357528",
        "coordinate_source": "bounds_center",
        "tags": {
          "addr:city": "Kraków",
          "addr:housenumber": "10",
          "addr:postcode": "31-012",
          "addr:street": "Świętego Marka",
          "amenity": "place_of_worship",
          "building": "church",
          "church:type": "parish",
          "denomination": "roman_catholic",
          "diocese": "Archidiecezja krakowska",
          "heritage": "2",
          "heritage:operator": "nid",
          "historic": "church",
          "image": "http://commons.wikimedia.org/wiki/File:Kosciol_Marka_Krakow.jpg",
          "name": "Kościół pw. Świętego Marka",
          "name:be": "Касцёл Святога Марка",
          "name:en": "Church of Saint Mark",
          "name:hu": "Szent Márk templom",
          "name:pl": "Kościół pw. Świętego Marka",
          "ref:nid": "A-16",
          "religion": "christian",
          "website": "https://www.swietymarek.pl/",
          "website:2": "http://www.diecezja.pl/parafie/lista-parafii/krakow-centrum/kosciolrektoralny-sw-marka-ewangelisty.html",
          "wikidata": "Q11747165",
          "wikimedia_commons": "Category:Saint Mark church in Kraków",
          "wikipedia": "pl:Kościół św. Marka w Krakowie"
        }
      },
      "geometry": {
        "type": "Point",
        "coordinates": [
          19.9377354,
          50.0645404
        ]
      }
    },
    {
      "type": "Feature",
      "id": "way-39357530",
      "properties": {
        "name": "Kościół pw. Świętego Kazimierza Królewicza",
        "category": "place_of_worship",
        "osm_url": "https://www.openstreetmap.org/way/39357530",
        "coordinate_source": "bounds_center",
        "tags": {
          "addr:city": "Kraków",
          "addr:housenumber": "4",
          "addr:postcode": "31-012",
          "addr:street": "Reformacka",
          "amenity": "place_of_worship",
          "building": "church",
          "church:type": "monastic",
          "denomination": "roman_catholic",
          "diocese": "Diecezja krakowska",
          "historic": "church",
          "loc_name": "Kościół Reformatów",
          "name": "Kościół pw. Świętego Kazimierza Królewicza",
          "name:hu": "Szent Kázmér herceg templom",
          "operator": "Zakon Reformatorów",
          "religion": "christian",
          "wikidata": "Q5117212",
          "wikimedia_commons": "Category:Church of St. Casimir in Kraków",
          "wikipedia": "pl:Kościół św. Kazimierza Królewicza w Krakowie (ul. Reformacka)"
        }
      },
      "geometry": {
        "type": "Point",
        "coordinates": [
          19.9362466,
          50.0648662
        ]
      }
    },
    {
      "type": "Feature",
      "id": "way-39357538",
      "properties": {
        "name": "Brama Floriańska",
        "category": "historic",
        "osm_url": "https://www.openstreetmap.org/way/39357538",
        "coordinate_source": "bounds_center",
        "tags": {
          "building": "yes",
          "building:colour": "white",
          "building:material": "stone",
          "heritage": "2",
          "heritage:operator": "nid",
          "historic": "city_gate",
          "name": "Brama Floriańska",
          "name:cs": "Floriánská brána",
          "name:de": "Florianstor",
          "name:en": "Saint Florian's Gate",
          "name:hu": "Flórián-kapu",
          "name:ko": "성 플로리안의 문",
          "name:nl": "Florianuspoort",
          "name:pl": "Brama Floriańska",
          "name:ro": "Poarta Florian",
          "name:ru": "Флорианские ворота в Кракове",
          "name:sk": "Floriánska brána",
          "name:zh": "圣福里安门",
          "old_name:de": "Florianertor",
          "opening_hours": "24/7",
          "ref:ckkp": "MA00812",
          "ref:nid": "Ak-11/Ka/32/Kr/14",
          "start_date": "1300",
          "tourism": "attraction",
          "wheelchair": "yes",
          "wikidata": "Q1363724",
          "wikimedia_commons": "Category:Florian Gate in Kraków",
          "wikipedia": "pl:Brama Floriańska w Krakowie"
        }
      },
      "geometry": {
        "type": "Point",
        "coordinates": [
          19.941353,
          50.0648565
        ]
      }
    },
    {
      "type": "Feature",
      "id": "way-39357541",
      "properties": {
        "name": "Kościół pw. Świętej Anny",
        "category": "place_of_worship",
        "osm_url": "https://www.openstreetmap.org/way/39357541",
        "coordinate_source": "bounds_center",
        "tags": {
          "addr:city": "Kraków",
          "addr:city:simc": "0950463",
          "addr:housenumber": "13",
          "addr:postcode": "31-008",
          "addr:street": "Świętej Anny",
          "addr:street:sym_ul": "00339",
          "amenity": "place_of_worship",
          "building": "church",
          "check_date": "2026-09-27",
          "church:type": "parish",
          "deanery": "Dekanat 01 - Kraków Centrum",
          "denomination": "roman_catholic",
          "diocese": "Archidiecezja krakowska",
          "heritage": "2",
          "heritage:operator": "nid",
          "loc_name": "Uniwersytecka Kolegiata św. Anny",
          "name": "Kościół pw. Świętej Anny",
          "name:es": "Iglesia de Santa Ana",
          "name:hu": "Szent Anna templom",
          "note": "Kościół akademicki Uniwersytetu Jagiellońskiego",
          "parish": "Parafia pw. Świętej Anny",
          "phone": "+48 12 422 53 18",
          "ref:ckkp": "MA00293",
          "ref:nid": "A-2",
          "religion": "christian",
          "service_times": "Su 07:30,09:00,10:00,11:00,12:00,13:00,19:30,20:30,21:30; Mo-Sa 07:00,13:00,19:30",
          "url": "http://www.diecezja.pl/parafie/lista-parafii/krakow-centrum/parafia-sw-anny.html",
          "website": "https://kolegiata-anna.pl/",
          "wheelchair": "no",
          "wikidata": "Q1126134",
          "wikimedia_commons": "File:Krakov, Stare Miasto, kostel sv. Anny.JPG",
          "wikipedia": "pl:Kościół św. Anny w Krakowie"
        }
      },
      "geometry": {
        "type": "Point",
        "coordinates": [
          19.9335207,
          50.0623985
        ]
      }
    },
    {
      "type": "Feature",
      "id": "way-39357571",
      "properties": {
        "name": "Narodowy Stary Teatr imienia Heleny Modrzejewskiej",
        "category": "theatre",
        "osm_url": "https://www.openstreetmap.org/way/39357571",
        "coordinate_source": "bounds_center",
        "tags": {
          "addr:city": "Kraków",
          "addr:country": "PL",
          "addr:housenumber": "1",
          "addr:postcode": "31-011",
          "addr:street": "Plac Szczepański",
          "amenity": "theatre",
          "building": "yes",
          "building:levels": "4",
          "name": "Narodowy Stary Teatr imienia Heleny Modrzejewskiej",
          "roof:shape": "gabled",
          "wikidata": "Q9344362",
          "wikipedia": "pl:Stary Teatr im. Heleny Modrzejewskiej w Krakowie"
        }
      },
      "geometry": {
        "type": "Point",
        "coordinates": [
          19.9352735,
          50.0631552
        ]
      }
    },
    {
      "type": "Feature",
      "id": "way-39357573",
      "properties": {
        "name": "Kościół pw. Świętego Jana Chrzciciela i Świętego Jana Ewangelisty",
        "category": "place_of_worship",
        "osm_url": "https://www.openstreetmap.org/way/39357573",
        "coordinate_source": "bounds_center",
        "tags": {
          "addr:city": "Kraków",
          "addr:city:simc": "0950463",
          "addr:country": "PL",
          "addr:housenumber": "7",
          "addr:postcode": "31-045",
          "addr:street": "Świętego Jana",
          "addr:street:sym_ul": "07113",
          "amenity": "place_of_worship",
          "building": "church",
          "check_date": "2023-06-06",
          "church:id": "00019",
          "church:type": "monastic",
          "date:shrine": "C16",
          "deanery": "Dekanat 01 - Kraków Centrum",
          "denomination": "roman_catholic",
          "description": "Panien Prezentek",
          "diocese": "Archidiecezja krakowska",
          "heritage": "2",
          "heritage:operator": "nid",
          "historic": "building",
          "image": "https://commons.wikimedia.org/wiki/File:Church_of_St_John_the_Baptist_and_St_John_the_Evangelist,_7_sw._Jana_street,_Old_Town,_Krakow,_Poland.jpg",
          "name": "Kościół pw. Świętego Jana Chrzciciela i Świętego Jana Ewangelisty",
          "name:hu": "Keresztelő Szent János és Szent János evangélista temploma",
          "name:pl": "Kościół pw. Świętego Jana Chrzciciela i Świętego Jana Ewangelisty",
          "operator": "Zgromadzenie Panien Ofiarowania Najświętszej Maryi Panny (Prezentki)",
          "parish": "Parafia Wniebowzięcia Najświętszej Maryi Panny w Krakowie",
          "parish:wikidata": "Q11806384",
          "parish:wikipedia": "pl:Parafia Wniebowzięcia Najświętszej Maryi Panny w Krakowie",
          "ref:nid": "A-86",
          "religion": "christian",
          "shrine": "local",
          "shrine:name": "Sanktuarium Matki Bożej Świętojańskiej",
          "shrine:object": "obraz Matki Bożej Świętojańskiej",
          "shrine:type": "mary",
          "source": "Bing, Knowledge, Ortofotomapa Geoportal",
          "toilets:wheelchair": "no",
          "wheelchair": "limited",
          "wikidata": "Q11746806",
          "wikimedia_commons": "File:KościółŚwJana-UlicaŚwJana-POL,_Kraków.jpg",
          "wikipedia": "pl:Kościół św. Jana Chrzciciela i św. Jana Ewangelisty w Krakowie"
        }
      },
      "geometry": {
        "type": "Point",
        "coordinates": [
          19.938943,
          50.0631347
        ]
      }
    },
    {
      "type": "Feature",
      "id": "way-39365371",
      "properties": {
        "name": "Kościół pw. Świętego Józefa",
        "category": "place_of_worship",
        "osm_url": "https://www.openstreetmap.org/way/39365371",
        "coordinate_source": "bounds_center",
        "tags": {
          "addr:city": "Kraków",
          "addr:housenumber": "21",
          "addr:postcode": "31-002",
          "addr:street": "Poselska",
          "amenity": "place_of_worship",
          "building": "church",
          "church:type": "monastic",
          "denomination": "roman_catholic",
          "diocese": "Archidiecezja krakowska",
          "historic": "church",
          "name": "Kościół pw. Świętego Józefa",
          "name:hu": "Szent József templom",
          "operator": "Mniszki Trzeciego Zakonu Regularnego św. Franciszka z Asyżu (Bernardynki)",
          "religion": "christian",
          "wikidata": "Q11746949",
          "wikimedia_commons": "File:Krakow Sw Jozef.jpg",
          "wikipedia": "pl:Kościół św. Józefa w Krakowie (ul. Poselska)"
        }
      },
      "geometry": {
        "type": "Point",
        "coordinates": [
          19.939783,
          50.0581158
        ]
      }
    },
    {
      "type": "Feature",
      "id": "way-39393943",
      "properties": {
        "name": "Kościół pw. Najświętszego Serca Pana Jezusa",
        "category": "place_of_worship",
        "osm_url": "https://www.openstreetmap.org/way/39393943",
        "coordinate_source": "bounds_center",
        "tags": {
          "addr:city": "Kraków",
          "addr:housenumber": "24",
          "addr:postcode": "31-115",
          "addr:street": "Garncarska",
          "amenity": "place_of_worship",
          "building": "church",
          "church:type": "monastic",
          "denomination": "roman_catholic",
          "diocese": "Archidiecezja krakowska",
          "historic": "church",
          "image": "http://commons.wikimedia.org/wiki/File:Ko%C5%9Bci%C3%B3%C5%82_Naj%C5%9Bwi%C4%99tszego_Serca_Pana_Jezusa,_Krak%C3%B3w.JPG",
          "name": "Kościół pw. Najświętszego Serca Pana Jezusa",
          "name:hu": "Jézus Szent Szíve templom",
          "operator": "Zgromadzenie Służebnic Najświętszego Serca Jezusowego (Sercanki)",
          "religion": "christian",
          "wikidata": "Q11745366",
          "wikipedia": "pl:Kościół Najświętszego Serca Pana Jezusa w Krakowie (ul. Garncarska)"
        }
      },
      "geometry": {
        "type": "Point",
        "coordinates": [
          19.9277568,
          50.0604589
        ]
      }
    },
    {
      "type": "Feature",
      "id": "way-39393947",
      "properties": {
        "name": "Dom Józefa Mehoffera",
        "category": "museum",
        "osm_url": "https://www.openstreetmap.org/way/39393947",
        "coordinate_source": "bounds_center",
        "tags": {
          "addr:city": "Kraków",
          "addr:country": "PL",
          "addr:housenumber": "26",
          "addr:postcode": "31-123",
          "addr:street": "Krupnicza",
          "building": "residential",
          "building:levels": "2",
          "description:hu": "Józef Mehoffer (1869–1946) lengyel festő és üvegművész",
          "fee": "yes",
          "fee:conditional": "no @ Tu",
          "name": "Dom Józefa Mehoffera",
          "name:en": "The Józef Mehoffer House",
          "name:hu": "Józef Mehoffer háza",
          "opening_hours": "Tu-Fr 09:00-16:00; Sa 10:00-18:00; Su 10:00-16:00; Mo off",
          "phone": "+48 12 433 58 80",
          "tourism": "museum",
          "website": "https://mnk.pl/oddzialy/mehoffer/",
          "wikidata": "Q1715072",
          "wikimedia_commons": "Category:Józef Mehoffer Museum in Kraków",
          "wikipedia": "pl:Dom Józefa Mehoffera w Krakowie"
        }
      },
      "geometry": {
        "type": "Point",
        "coordinates": [
          19.928418,
          50.063264
        ]
      }
    },
    {
      "type": "Feature",
      "id": "way-39393958",
      "properties": {
        "name": "Kościół pw. Świętego Franciszka Salezego",
        "category": "place_of_worship",
        "osm_url": "https://www.openstreetmap.org/way/39393958",
        "coordinate_source": "bounds_center",
        "tags": {
          "addr:city": "Kraków",
          "addr:housenumber": "16",
          "addr:postcode": "31-141",
          "addr:street": "Krowoderska",
          "amenity": "place_of_worship",
          "building": "church",
          "church:type": "monastic",
          "denomination": "roman_catholic",
          "diocese": "Archidiecezja krakowska",
          "heritage": "2",
          "heritage:operator": "nid",
          "historic": "church",
          "image": "http://commons.wikimedia.org/wiki/File:St_Francis_de_Sales_Church,_16_Krowoderska_street,_Krakow,_Poland.jpg",
          "name": "Kościół pw. Świętego Franciszka Salezego",
          "name:hu": "Szalézi Szent Ferenc templom",
          "operator": "Zakon Nawiedzenia Najświętszej Maryi Panny",
          "parish": "Parafia pw. Nawiedzenia Najświętszej Maryi Panny",
          "ref:nid": "A-88",
          "religion": "christian",
          "wikidata": "Q11746675",
          "wikipedia": "pl:Kościół św. Franciszka Salezego w Krakowie"
        }
      },
      "geometry": {
        "type": "Point",
        "coordinates": [
          19.936954,
          50.0683017
        ]
      }
    },
    {
      "type": "Feature",
      "id": "way-39394969",
      "properties": {
        "name": "Kościół pw. Świętego Mikołaja",
        "category": "place_of_worship",
        "osm_url": "https://www.openstreetmap.org/way/39394969",
        "coordinate_source": "bounds_center",
        "tags": {
          "addr:city": "Kraków",
          "addr:housenumber": "9a",
          "addr:postcode": "31-501",
          "addr:street": "Mikołaja Kopernika",
          "amenity": "place_of_worship",
          "building": "church",
          "church:type": "parish",
          "deanery": "Dekanat Kraków-Kazimierz",
          "denomination": "roman_catholic",
          "diocese": "Archidiecezja krakowska",
          "heritage": "2",
          "heritage:operator": "nid",
          "heritage:website": "https://zabytek.pl/pl/obiekty/krakow-kosciol-par-pw-sw-mikolaja",
          "historic": "church",
          "image": "http://commons.wikimedia.org/wiki/File:Ko%C5%9Bci%C3%B3%C5%82_%C5%9Bw._Miko%C5%82aja_w_Krakowie.jpg",
          "name": "Kościół pw. Świętego Mikołaja",
          "name:hu": "Szent Miklós templom",
          "name:pl": "Kościół pw. Świętego Mikołaja",
          "nid:inscription_date": "1931-05-05",
          "parish": "Parafia pw. Świętego Mikołaja",
          "ref:nid": "A-77",
          "religion": "christian",
          "source:building": "BDOT",
          "source:geometry": "EGiB",
          "start_date": "C12",
          "website": "http://www.mikolaj.diecezja.pl/",
          "website:2": "http://www.diecezja.pl/parafie/lista-parafii/2-krakow---kazimierz/parafia-sw-mikolaja.html",
          "wikidata": "Q11747306",
          "wikimedia_commons": "Category:Saint Nicholas church in Kraków",
          "wikipedia": "pl:Kościół św. Mikołaja w Krakowie"
        }
      },
      "geometry": {
        "type": "Point",
        "coordinates": [
          19.947237,
          50.060872
        ]
      }
    },
    {
      "type": "Feature",
      "id": "way-39401986",
      "properties": {
        "name": "Kościół pw. Niepokalanego Poczęcia Najświętszej Maryi Panny",
        "category": "place_of_worship",
        "osm_url": "https://www.openstreetmap.org/way/39401986",
        "coordinate_source": "bounds_center",
        "tags": {
          "addr:city": "Kraków",
          "addr:housenumber": "19",
          "addr:postcode": "31-501",
          "addr:street": "Mikołaja Kopernika",
          "alt_name": "Kościół pw. Niepokalanego Poczęcia NMP (św. Łazarza)",
          "amenity": "place_of_worship",
          "building": "church",
          "building:levels": "3",
          "denomination": "roman_catholic",
          "diocese": "Archidiecezja krakowska",
          "historic": "church",
          "image": "http://commons.wikimedia.org/wiki/File:Krak%C3%B3w_-_ko%C5%9Bci%C3%B3%C5%82_p.w._Niepokalanego_Pocz%C4%99cia_NMP_i_%C5%9Bw._%C5%81azarza.jpg",
          "loc_name": "Kościół pw. Świętego Łazarza",
          "name": "Kościół pw. Niepokalanego Poczęcia Najświętszej Maryi Panny",
          "name:hu": "Szűz Mária Szeplőtelen Fogantatása templom",
          "religion": "christian",
          "wikidata": "Q11745610",
          "wikimedia_commons": "Category:Church of the Immaculate Conception in Kraków",
          "wikipedia": "pl:Kościół Niepokalanego Poczęcia Najświętszej Maryi Panny w Krakowie (ul. Kopernika)"
        }
      },
      "geometry": {
        "type": "Point",
        "coordinates": [
          19.9514714,
          50.0624201
        ]
      }
    },
    {
      "type": "Feature",
      "id": "way-39405479",
      "properties": {
        "name": "Synagoga Tempel w Krakowie",
        "category": "place_of_worship",
        "osm_url": "https://www.openstreetmap.org/way/39405479",
        "coordinate_source": "bounds_center",
        "tags": {
          "amenity": "place_of_worship",
          "building": "synagogue",
          "denomination": "reform",
          "name": "Synagoga Tempel w Krakowie",
          "name:es": "Sinagoga Tempel",
          "name:hu": "Tempel zsinagóga",
          "name:pl": "Synagoga Tempel w Krakowie",
          "phone": "+48 24 256 02 67",
          "religion": "jewish",
          "wikidata": "Q3354482",
          "wikimedia_commons": "Category:Tempel Synagogue of Kazimierz, Kraków",
          "wikipedia": "pl:Synagoga Tempel w Krakowie"
        }
      },
      "geometry": {
        "type": "Point",
        "coordinates": [
          19.94445,
          50.0529381
        ]
      }
    },
    {
      "type": "Feature",
      "id": "way-39405481",
      "properties": {
        "name": "Synagoga Kupa",
        "category": "place_of_worship",
        "osm_url": "https://www.openstreetmap.org/way/39405481",
        "coordinate_source": "bounds_center",
        "tags": {
          "amenity": "place_of_worship",
          "building": "synagogue",
          "building:levels": "2",
          "denomination": "orthodox",
          "historic": "building",
          "name": "Synagoga Kupa",
          "name:hu": "Kupa zsinagóga",
          "religion": "jewish",
          "wikidata": "Q3507991",
          "wikimedia_commons": "File:Krakow synagogue 20070805 1109.jpg",
          "wikipedia": "pl:Synagoga Kupa w Krakowie"
        }
      },
      "geometry": {
        "type": "Point",
        "coordinates": [
          19.9457434,
          50.0526098
        ]
      }
    },
    {
      "type": "Feature",
      "id": "way-39405483",
      "properties": {
        "name": "Synagoga Izaaka Jakubowicza",
        "category": "place_of_worship",
        "osm_url": "https://www.openstreetmap.org/way/39405483",
        "coordinate_source": "bounds_center",
        "tags": {
          "amenity": "place_of_worship",
          "building": "synagogue",
          "denomination": "orthodox",
          "historic": "building",
          "name": "Synagoga Izaaka Jakubowicza",
          "name:hu": "Isaak Jakubowicz zsinagóga",
          "name:pl": "Synagoga Izaaka Jakubowicza",
          "religion": "jewish",
          "wikidata": "Q3109262",
          "wikimedia_commons": "File:Krakow Synagoga 20070930 1539.jpg",
          "wikipedia": "pl:Synagoga Izaaka Jakubowicza w Krakowie"
        }
      },
      "geometry": {
        "type": "Point",
        "coordinates": [
          19.9466606,
          50.0516767
        ]
      }
    },
    {
      "type": "Feature",
      "id": "way-39407996",
      "properties": {
        "name": "Kościół pw. Świętego Bernardyna ze Sieny",
        "category": "place_of_worship",
        "osm_url": "https://www.openstreetmap.org/way/39407996",
        "coordinate_source": "bounds_center",
        "tags": {
          "amenity": "place_of_worship",
          "building": "church",
          "church:type": "monastic",
          "denomination": "roman_catholic",
          "diocese": "Archidiecezja krakowska",
          "heritage": "2",
          "heritage:operator": "nid",
          "name": "Kościół pw. Świętego Bernardyna ze Sieny",
          "name:hr": "Crkva svetog Bernarda Sijenskog",
          "name:hu": "Sienai Szent Bernardin templom",
          "operator": "Zakon bernardynów",
          "ref:inspire": "PL.1.9.ZIPOZ.NID_N_12_BK.205630",
          "ref:nid": "A-564",
          "religion": "christian",
          "website": "http://www.bernardyni.com.pl/",
          "wikidata": "Q11746605",
          "wikimedia_commons": "File:Krakow Church of Saint Bernardino 20070804 1005.jpg",
          "wikipedia": "pl:Kościół św. Bernardyna w Krakowie"
        }
      },
      "geometry": {
        "type": "Point",
        "coordinates": [
          19.9383271,
          50.0534172
        ]
      }
    },
    {
      "type": "Feature",
      "id": "way-398928087",
      "properties": {
        "name": "Pomnik Tadeusza Kościuszki",
        "category": "historic",
        "osm_url": "https://www.openstreetmap.org/way/398928087",
        "coordinate_source": "bounds_center",
        "tags": {
          "historic": "memorial",
          "memorial": "statue",
          "name": "Tadeusz Kościuszko",
          "name:be": "Тадэвуш Касцюшка",
          "name:de": "Tadeusz-Kosciuszko-Denkmal",
          "name:en": "Tadeusz Kościuszko Monument",
          "name:hu": "Tadeusz Kościuszko",
          "name:lt": "Tado Kosciuškos paminklas",
          "name:pl": "Pomnik Tadeusza Kościuszki",
          "name:ru": "Памятник Тадеушу Костюшко",
          "start_date": "1960",
          "subject:wikidata": "Q191479",
          "subject:wikipedia": "pl:Tadeusz Kościuszko",
          "wikidata": "Q7674490",
          "wikipedia": "pl:Pomnik Tadeusza Kościuszki na Wawelu"
        }
      },
      "geometry": {
        "type": "Point",
        "coordinates": [
          19.9350637,
          50.0549135
        ]
      }
    },
    {
      "type": "Feature",
      "id": "way-399583588",
      "properties": {
        "name": "Wieża Zygmunta III Wazy",
        "category": "historic",
        "osm_url": "https://www.openstreetmap.org/way/399583588",
        "coordinate_source": "bounds_center",
        "tags": {
          "building:colour": "#eed7b5",
          "building:part": "yes",
          "height": "27",
          "historic": "tower",
          "name": "Wieża Zygmunta III Wazy",
          "name:hu": "Zsigmond-torony",
          "roof:colour": "#b2dbca",
          "roof:height": "2",
          "roof:shape": "pyramidal",
          "wikidata": "Q1468063",
          "wikipedia": "pl:Wieża Zygmunta III Wazy na Wawelu"
        }
      },
      "geometry": {
        "type": "Point",
        "coordinates": [
          19.9372853,
          50.0549338
        ]
      }
    },
    {
      "type": "Feature",
      "id": "way-85151350",
      "properties": {
        "name": "Bazylika archikatedralna Świętych Stanisława i Wacława",
        "category": "place_of_worship",
        "osm_url": "https://www.openstreetmap.org/way/85151350",
        "coordinate_source": "bounds_center",
        "tags": {
          "addr:city": "Kraków",
          "addr:housenumber": "1",
          "addr:place": "Zamek Wawel",
          "addr:postcode": "31-001",
          "alt_name": "Katedra Wawelska",
          "alt_name:en": "Wawel Cathedral",
          "amenity": "place_of_worship",
          "building": "cathedral",
          "church:type": "parish",
          "date:religious_title": "C18",
          "denomination": "roman_catholic",
          "diocese": "Archidiecezja krakowska",
          "email": "info@katedra-wawelska.pl",
          "heritage": "2",
          "heritage:operator": "nid",
          "historic": "yes",
          "image": "http://commons.wikimedia.org/wiki/File:Wawel_cathedral.PNG",
          "level": "0",
          "name": "Bazylika archikatedralna Świętych Stanisława i Wacława",
          "name:af": "Wawel-katedraal",
          "name:be": "Сабор Святых Станіслава і Вацлава",
          "name:bg": "Вавелска катедрала",
          "name:ca": "Catedral de Wawel",
          "name:cs": "Katedrála na Wawelu",
          "name:de": "Kathedrale St. Stanislaus und Wenzel",
          "name:el": "Καθεδρικός Ναός της Κρακοβίας",
          "name:en": "Royal Archcathedral Basilica of Saints Stanislaus and Wenceslaus",
          "name:es": "Catedral de San Wenceslao y San Estanislao",
          "name:fi": "Wawelin katedraali",
          "name:fr": "Cathédrale du Wawel",
          "name:he": "קתדרלת ואוול",
          "name:hr": "Vavelska katedrala",
          "name:hu": "Waweli főszékesegyház (Szent Szaniszló és Vencel)",
          "name:id": "Katedral Wawel",
          "name:it": "Cattedrale del Wawel",
          "name:ja": "ヴァヴェル大聖堂",
          "name:ko": "바벨 대성당",
          "name:lt": "Šventųjų Stanislovo ir Vaclovo katedra",
          "name:mk": "Вавелска катедрала",
          "name:nl": "Wawelkathedraal",
          "name:pl": "Bazylika archikatedralna Świętych Stanisława i Wacława",
          "name:pt": "Catedral de Wawel",
          "name:ro": "Catedrala Wawel",
          "name:ru": "Собор Святых Станислава и Вацлава",
          "name:sk": "Wawelská katedrála",
          "name:sv": "Wawelkatedralen",
          "name:th": "มหาวิหารวาเวล",
          "name:uk": "Кафедральний собор святих Станіслава і Вацлава",
          "name:zh": "瓦維爾主教座堂",
          "opening_hours": "Mo-Sa 06:30-17:00; Su 07:00-17:30; Apr-Oct Mo-Sa 06:30-18:00; Apr-Oct Su 07:00-18:30",
          "phone": "+48 12 429 95 16",
          "ref:ckkp": "MA00884",
          "ref:inspire": "PL.1.9.ZIPOZ.NID_N_12_BK.206051",
          "ref:nid": "A-7",
          "religion": "christian",
          "religious_title": "Bazylika Mniejsza",
          "tourism": "attraction",
          "url": "http://www.wirtualnakatedra.pl",
          "website": "https://katedra-wawelska.pl/",
          "wheelchair": "yes",
          "wikidata": "Q638519",
          "wikimedia_commons": "Category:Wawel Cathedral - views from the Outer Courtyard",
          "wikipedia": "pl:Bazylika archikatedralna św. Stanisława i św. Wacława w Krakowie"
        }
      },
      "geometry": {
        "type": "Point",
        "coordinates": [
          19.9354796,
          50.0546439
        ]
      }
    },
    {
      "type": "Feature",
      "id": "way-87527975",
      "properties": {
        "name": "Muzeum Politechniki Krakowskiej",
        "category": "museum",
        "osm_url": "https://www.openstreetmap.org/way/87527975",
        "coordinate_source": "bounds_center",
        "tags": {
          "building": "university",
          "building:levels": "1",
          "name": "Muzeum Politechniki Krakowskiej",
          "name:hu": "Krakkói Műszaki Egyetemi Múzeuma",
          "operator": "Politechnika Krakowska",
          "tourism": "museum",
          "wheelchair": "no",
          "wikidata": "Q16580041",
          "wikipedia": "pl:Muzeum Politechniki Krakowskiej"
        }
      },
      "geometry": {
        "type": "Point",
        "coordinates": [
          19.9434234,
          50.072688
        ]
      }
    },
    {
      "type": "Feature",
      "id": "way-929760911",
      "properties": {
        "name": "Muzeum im. Emeryka Hutten-Czapskiego",
        "category": "museum",
        "osm_url": "https://www.openstreetmap.org/way/929760911",
        "coordinate_source": "bounds_center",
        "tags": {
          "addr:city": "Kraków",
          "addr:street": "Marszałka Józefa Piłsudskiego",
          "email": "czapscy@mnk.pl",
          "fee": "yes",
          "fee:conditional": "no @ Su",
          "landuse": "commercial",
          "name": "Muzeum im. Emeryka Hutten-Czapskiego",
          "name:hu": "Emeryk Hutten-Czapski Múzeum",
          "opening_hours": "Tu-Sa 10:00-18:00; Su 10:00-16:00",
          "operator": "Muzeum Narodowe w Krakowie",
          "phone": "+48 12 433 58 40",
          "tourism": "museum",
          "website": "https://mnk.pl/oddzial/muzeum-im-emeryka-hutten-czapskiego",
          "wikidata": "Q1338606",
          "wikipedia": "pl:Muzeum im. Emeryka Hutten-Czapskiego"
        }
      },
      "geometry": {
        "type": "Point",
        "coordinates": [
          19.930167,
          50.0599089
        ]
      }
    }
  ]
}
